,level_0,level_1,count
0,CCL2,CCL2,0.0
1,CCL2,FKBP14,4.0
2,CCL2,ACADVL,8.0
3,CCL2,ADD1,3.0
4,CCL2,EDEM1,3.0
5,CCL2,HSP90B1,6.0
6,CCL2,CUL7,6.0
7,CCL2,WIPI1,7.0
8,CCL2,PLA2G4B,2.0
9,CCL2,TLN1,4.0
10,CCL2,KLHDC3,1.0
11,CCL2,SEC31A,4.0
12,CCL2,XBP1,6.0
13,CCL2,HERPUD1,2.0
14,CCL2,DCTN1,3.0
15,CCL2,SRPRB,2.0
16,CCL2,HSPA5,2.0
17,CCL2,DDX11,9.0
18,CCL2,TATDN2,7.0
19,CCL2,SYVN1,5.0
20,CCL2,DNAJB11,2.0
21,CCL2,EXTL1,7.0
22,CCL2,ATP6V0D1,3.0
23,CCL2,HDGF,3.0
24,CCL2,EXTL2,3.0
25,CCL2,CTDSP2,6.0
26,CCL2,DDIT3,2.0
27,CCL2,SHC1,6.0
28,CCL2,TSPYL2,5.0
29,CCL2,TPP1,4.0
30,CCL2,PDIA5,3.0
31,CCL2,EXTL3,6.0
32,CCL2,ARFGAP1,5.0
33,CCL2,DNAJB9,3.0
34,CCL2,SULT1A3,4.0
35,CCL2,DNAJC3,5.0
36,CCL2,SERP1,4.0
37,CCL2,IGFBP1,4.0
38,CCL2,YIF1A,5.0
39,CCL2,ZBTB17,1.0
40,CCL2,LMNA,4.0
41,CCL2,WFS1,3.0
42,CCL2,KDELR3,8.0
43,CCL2,CXCL8,3.0
44,CCL2,CALR,1.0
45,CCL2,HYOU1,5.0
46,CCL2,GSK3A,5.0
47,CCL2,ASNS,5.0
48,CCL2,PREB,3.0
49,CCL2,SSR1,4.0
50,CCL2,CXXC1,7.0
51,CCL2,MYDGF,4.0
52,CCL2,PPP2R5B,4.0
53,CCL2,GOSR2,3.0
54,CCL2,ATF4,3.0
55,CCL2,GFPT1,4.0
56,CCL2,PDIA6,6.0
57,CCL2,ATF3,3.0
58,FKBP14,CCL2,4.0
59,FKBP14,FKBP14,0.0
60,FKBP14,ACADVL,1.0
61,FKBP14,ADD1,6.0
62,FKBP14,EDEM1,4.0
63,FKBP14,HSP90B1,3.0
64,FKBP14,CUL7,4.0
65,FKBP14,WIPI1,2.0
66,FKBP14,PLA2G4B,5.0
67,FKBP14,TLN1,5.0
68,FKBP14,KLHDC3,5.0
69,FKBP14,SEC31A,4.0
70,FKBP14,XBP1,2.0
71,FKBP14,HERPUD1,2.0
72,FKBP14,DCTN1,4.0
73,FKBP14,SRPRB,2.0
74,FKBP14,HSPA5,2.0
75,FKBP14,DDX11,2.0
76,FKBP14,TATDN2,6.0
77,FKBP14,SYVN1,3.0
78,FKBP14,DNAJB11,4.0
79,FKBP14,EXTL1,1.0
80,FKBP14,ATP6V0D1,3.0
81,FKBP14,HDGF,6.0
82,FKBP14,EXTL2,12.0
83,FKBP14,CTDSP2,5.0
84,FKBP14,DDIT3,2.0
85,FKBP14,SHC1,6.0
86,FKBP14,TSPYL2,5.0
87,FKBP14,TPP1,4.0
88,FKBP14,PDIA5,5.0
89,FKBP14,EXTL3,7.0
90,FKBP14,ARFGAP1,3.0
91,FKBP14,DNAJB9,5.0
92,FKBP14,SULT1A3,1.0
93,FKBP14,DNAJC3,8.0
94,FKBP14,SERP1,9.0
95,FKBP14,IGFBP1,0.0
96,FKBP14,YIF1A,5.0
97,FKBP14,ZBTB17,3.0
98,FKBP14,LMNA,5.0
99,FKBP14,WFS1,5.0
100,FKBP14,KDELR3,3.0
101,FKBP14,CXCL8,5.0
102,FKBP14,CALR,6.0
103,FKBP14,HYOU1,7.0
104,FKBP14,GSK3A,4.0
105,FKBP14,ASNS,2.0
106,FKBP14,PREB,3.0
107,FKBP14,SSR1,7.0
108,FKBP14,CXXC1,3.0
109,FKBP14,MYDGF,5.0
110,FKBP14,PPP2R5B,4.0
111,FKBP14,GOSR2,9.0
112,FKBP14,ATF4,2.0
113,FKBP14,GFPT1,4.0
114,FKBP14,PDIA6,8.0
115,FKBP14,ATF3,7.0
116,ACADVL,CCL2,8.0
117,ACADVL,FKBP14,1.0
118,ACADVL,ACADVL,0.0
119,ACADVL,ADD1,8.0
120,ACADVL,EDEM1,4.0
121,ACADVL,HSP90B1,4.0
122,ACADVL,CUL7,1.0
123,ACADVL,WIPI1,2.0
124,ACADVL,PLA2G4B,5.0
125,ACADVL,TLN1,2.0
126,ACADVL,KLHDC3,3.0
127,ACADVL,SEC31A,2.0
128,ACADVL,XBP1,3.0
129,ACADVL,HERPUD1,6.0
130,ACADVL,DCTN1,5.0
131,ACADVL,SRPRB,4.0
132,ACADVL,HSPA5,3.0
133,ACADVL,DDX11,5.0
134,ACADVL,TATDN2,3.0
135,ACADVL,SYVN1,2.0
136,ACADVL,DNAJB11,7.0
137,ACADVL,EXTL1,5.0
138,ACADVL,ATP6V0D1,4.0
139,ACADVL,HDGF,6.0
140,ACADVL,EXTL2,5.0
141,ACADVL,CTDSP2,3.0
142,ACADVL,DDIT3,6.0
143,ACADVL,SHC1,2.0
144,ACADVL,TSPYL2,6.0
145,ACADVL,TPP1,4.0
146,ACADVL,PDIA5,4.0
147,ACADVL,EXTL3,2.0
148,ACADVL,ARFGAP1,7.0
149,ACADVL,DNAJB9,3.0
150,ACADVL,SULT1A3,7.0
151,ACADVL,DNAJC3,3.0
152,ACADVL,SERP1,3.0
153,ACADVL,IGFBP1,5.0
154,ACADVL,YIF1A,7.0
155,ACADVL,ZBTB17,6.0
156,ACADVL,LMNA,4.0
157,ACADVL,WFS1,5.0
158,ACADVL,KDELR3,9.0
159,ACADVL,CXCL8,3.0
160,ACADVL,CALR,2.0
161,ACADVL,HYOU1,4.0
162,ACADVL,GSK3A,5.0
163,ACADVL,ASNS,3.0
164,ACADVL,PREB,3.0
165,ACADVL,SSR1,4.0
166,ACADVL,CXXC1,11.0
167,ACADVL,MYDGF,2.0
168,ACADVL,PPP2R5B,2.0
169,ACADVL,GOSR2,3.0
170,ACADVL,ATF4,7.0
171,ACADVL,GFPT1,8.0
172,ACADVL,PDIA6,5.0
173,ACADVL,ATF3,2.0
174,ADD1,CCL2,3.0
175,ADD1,FKBP14,6.0
176,ADD1,ACADVL,8.0
177,ADD1,ADD1,0.0
178,ADD1,EDEM1,6.0
179,ADD1,HSP90B1,7.0
180,ADD1,CUL7,6.0
181,ADD1,WIPI1,1.0
182,ADD1,PLA2G4B,5.0
183,ADD1,TLN1,7.0
184,ADD1,KLHDC3,8.0
185,ADD1,SEC31A,6.0
186,ADD1,XBP1,10.0
187,ADD1,HERPUD1,4.0
188,ADD1,DCTN1,7.0
189,ADD1,SRPRB,3.0
190,ADD1,HSPA5,4.0
191,ADD1,DDX11,8.0
192,ADD1,TATDN2,5.0
193,ADD1,SYVN1,5.0
194,ADD1,DNAJB11,6.0
195,ADD1,EXTL1,4.0
196,ADD1,ATP6V0D1,5.0
197,ADD1,HDGF,6.0
198,ADD1,EXTL2,5.0
199,ADD1,CTDSP2,4.0
200,ADD1,DDIT3,4.0
201,ADD1,SHC1,4.0
202,ADD1,TSPYL2,10.0
203,ADD1,TPP1,6.0
204,ADD1,PDIA5,6.0
205,ADD1,EXTL3,3.0
206,ADD1,ARFGAP1,5.0
207,ADD1,DNAJB9,5.0
208,ADD1,SULT1A3,8.0
209,ADD1,DNAJC3,5.0
210,ADD1,SERP1,8.0
211,ADD1,IGFBP1,1.0
212,ADD1,YIF1A,7.0
213,ADD1,ZBTB17,2.0
214,ADD1,LMNA,7.0
215,ADD1,WFS1,4.0
216,ADD1,KDELR3,5.0
217,ADD1,CXCL8,5.0
218,ADD1,CALR,5.0
219,ADD1,HYOU1,4.0
220,ADD1,GSK3A,4.0
221,ADD1,ASNS,4.0
222,ADD1,PREB,7.0
223,ADD1,SSR1,6.0
224,ADD1,CXXC1,5.0
225,ADD1,MYDGF,4.0
226,ADD1,PPP2R5B,3.0
227,ADD1,GOSR2,4.0
228,ADD1,ATF4,9.0
229,ADD1,GFPT1,7.0
230,ADD1,PDIA6,5.0
231,ADD1,ATF3,6.0
232,EDEM1,CCL2,3.0
233,EDEM1,FKBP14,4.0
234,EDEM1,ACADVL,4.0
235,EDEM1,ADD1,6.0
236,EDEM1,EDEM1,0.0
237,EDEM1,HSP90B1,5.0
238,EDEM1,CUL7,6.0
239,EDEM1,WIPI1,4.0
240,EDEM1,PLA2G4B,10.0
241,EDEM1,TLN1,3.0
242,EDEM1,KLHDC3,4.0
243,EDEM1,SEC31A,5.0
244,EDEM1,XBP1,3.0
245,EDEM1,HERPUD1,3.0
246,EDEM1,DCTN1,4.0
247,EDEM1,SRPRB,2.0
248,EDEM1,HSPA5,2.0
249,EDEM1,DDX11,7.0
250,EDEM1,TATDN2,3.0
251,EDEM1,SYVN1,2.0
252,EDEM1,DNAJB11,3.0
253,EDEM1,EXTL1,2.0
254,EDEM1,ATP6V0D1,5.0
255,EDEM1,HDGF,3.0
256,EDEM1,EXTL2,2.0
257,EDEM1,CTDSP2,4.0
258,EDEM1,DDIT3,0.0
259,EDEM1,SHC1,4.0
260,EDEM1,TSPYL2,4.0
261,EDEM1,TPP1,5.0
262,EDEM1,PDIA5,1.0
263,EDEM1,EXTL3,6.0
264,EDEM1,ARFGAP1,3.0
265,EDEM1,DNAJB9,1.0
266,EDEM1,SULT1A3,1.0
267,EDEM1,DNAJC3,3.0
268,EDEM1,SERP1,4.0
269,EDEM1,IGFBP1,9.0
270,EDEM1,YIF1A,5.0
271,EDEM1,ZBTB17,6.0
272,EDEM1,LMNA,2.0
273,EDEM1,WFS1,8.0
274,EDEM1,KDELR3,7.0
275,EDEM1,CXCL8,4.0
276,EDEM1,CALR,2.0
277,EDEM1,HYOU1,3.0
278,EDEM1,GSK3A,6.0
279,EDEM1,ASNS,6.0
280,EDEM1,PREB,6.0
281,EDEM1,SSR1,5.0
282,EDEM1,CXXC1,5.0
283,EDEM1,MYDGF,5.0
284,EDEM1,PPP2R5B,3.0
285,EDEM1,GOSR2,9.0
286,EDEM1,ATF4,1.0
287,EDEM1,GFPT1,3.0
288,EDEM1,PDIA6,5.0
289,EDEM1,ATF3,5.0
290,HSP90B1,CCL2,6.0
291,HSP90B1,FKBP14,3.0
292,HSP90B1,ACADVL,4.0
293,HSP90B1,ADD1,7.0
294,HSP90B1,EDEM1,5.0
295,HSP90B1,HSP90B1,0.0
296,HSP90B1,CUL7,3.0
297,HSP90B1,WIPI1,5.0
298,HSP90B1,PLA2G4B,1.0
299,HSP90B1,TLN1,7.0
300,HSP90B1,KLHDC3,3.0
301,HSP90B1,SEC31A,5.0
302,HSP90B1,XBP1,4.0
303,HSP90B1,HERPUD1,4.0
304,HSP90B1,DCTN1,3.0
305,HSP90B1,SRPRB,7.0
306,HSP90B1,HSPA5,9.0
307,HSP90B1,DDX11,5.0
308,HSP90B1,TATDN2,5.0
309,HSP90B1,SYVN1,6.0
310,HSP90B1,DNAJB11,6.0
311,HSP90B1,EXTL1,3.0
312,HSP90B1,ATP6V0D1,8.0
313,HSP90B1,HDGF,1.0
314,HSP90B1,EXTL2,7.0
315,HSP90B1,CTDSP2,2.0
316,HSP90B1,DDIT3,1.0
317,HSP90B1,SHC1,7.0
318,HSP90B1,TSPYL2,6.0
319,HSP90B1,TPP1,3.0
320,HSP90B1,PDIA5,7.0
321,HSP90B1,EXTL3,7.0
322,HSP90B1,ARFGAP1,4.0
323,HSP90B1,DNAJB9,7.0
324,HSP90B1,SULT1A3,1.0
325,HSP90B1,DNAJC3,6.0
326,HSP90B1,SERP1,6.0
327,HSP90B1,IGFBP1,2.0
328,HSP90B1,YIF1A,3.0
329,HSP90B1,ZBTB17,6.0
330,HSP90B1,LMNA,7.0
331,HSP90B1,WFS1,7.0
332,HSP90B1,KDELR3,7.0
333,HSP90B1,CXCL8,4.0
334,HSP90B1,CALR,4.0
335,HSP90B1,HYOU1,5.0
336,HSP90B1,GSK3A,3.0
337,HSP90B1,ASNS,4.0
338,HSP90B1,PREB,4.0
339,HSP90B1,SSR1,2.0
340,HSP90B1,CXXC1,2.0
341,HSP90B1,MYDGF,7.0
342,HSP90B1,PPP2R5B,3.0
343,HSP90B1,GOSR2,3.0
344,HSP90B1,ATF4,3.0
345,HSP90B1,GFPT1,4.0
346,HSP90B1,PDIA6,8.0
347,HSP90B1,ATF3,5.0
348,CUL7,CCL2,6.0
349,CUL7,FKBP14,4.0
350,CUL7,ACADVL,1.0
351,CUL7,ADD1,6.0
352,CUL7,EDEM1,6.0
353,CUL7,HSP90B1,3.0
354,CUL7,CUL7,0.0
355,CUL7,WIPI1,4.0
356,CUL7,PLA2G4B,4.0
357,CUL7,TLN1,2.0
358,CUL7,KLHDC3,3.0
359,CUL7,SEC31A,5.0
360,CUL7,XBP1,6.0
361,CUL7,HERPUD1,5.0
362,CUL7,DCTN1,4.0
363,CUL7,SRPRB,4.0
364,CUL7,HSPA5,4.0
365,CUL7,DDX11,4.0
366,CUL7,TATDN2,5.0
367,CUL7,SYVN1,5.0
368,CUL7,DNAJB11,7.0
369,CUL7,EXTL1,5.0
370,CUL7,ATP6V0D1,7.0
371,CUL7,HDGF,4.0
372,CUL7,EXTL2,6.0
373,CUL7,CTDSP2,7.0
374,CUL7,DDIT3,3.0
375,CUL7,SHC1,5.0
376,CUL7,TSPYL2,5.0
377,CUL7,TPP1,2.0
378,CUL7,PDIA5,4.0
379,CUL7,EXTL3,9.0
380,CUL7,ARFGAP1,4.0
381,CUL7,DNAJB9,5.0
382,CUL7,SULT1A3,3.0
383,CUL7,DNAJC3,4.0
384,CUL7,SERP1,7.0
385,CUL7,IGFBP1,1.0
386,CUL7,YIF1A,4.0
387,CUL7,ZBTB17,6.0
388,CUL7,LMNA,6.0
389,CUL7,WFS1,8.0
390,CUL7,KDELR3,1.0
391,CUL7,CXCL8,2.0
392,CUL7,CALR,6.0
393,CUL7,HYOU1,4.0
394,CUL7,GSK3A,4.0
395,CUL7,ASNS,2.0
396,CUL7,PREB,5.0
397,CUL7,SSR1,3.0
398,CUL7,CXXC1,7.0
399,CUL7,MYDGF,8.0
400,CUL7,PPP2R5B,5.0
401,CUL7,GOSR2,3.0
402,CUL7,ATF4,5.0
403,CUL7,GFPT1,4.0
404,CUL7,PDIA6,2.0
405,CUL7,ATF3,5.0
406,WIPI1,CCL2,7.0
407,WIPI1,FKBP14,2.0
408,WIPI1,ACADVL,2.0
409,WIPI1,ADD1,1.0
410,WIPI1,EDEM1,4.0
411,WIPI1,HSP90B1,5.0
412,WIPI1,CUL7,4.0
413,WIPI1,WIPI1,0.0
414,WIPI1,PLA2G4B,5.0
415,WIPI1,TLN1,3.0
416,WIPI1,KLHDC3,3.0
417,WIPI1,SEC31A,2.0
418,WIPI1,XBP1,4.0
419,WIPI1,HERPUD1,5.0
420,WIPI1,DCTN1,3.0
421,WIPI1,SRPRB,0.0
422,WIPI1,HSPA5,4.0
423,WIPI1,DDX11,7.0
424,WIPI1,TATDN2,2.0
425,WIPI1,SYVN1,4.0
426,WIPI1,DNAJB11,2.0
427,WIPI1,EXTL1,4.0
428,WIPI1,ATP6V0D1,5.0
429,WIPI1,HDGF,3.0
430,WIPI1,EXTL2,2.0
431,WIPI1,CTDSP2,2.0
432,WIPI1,DDIT3,3.0
433,WIPI1,SHC1,6.0
434,WIPI1,TSPYL2,4.0
435,WIPI1,TPP1,2.0
436,WIPI1,PDIA5,6.0
437,WIPI1,EXTL3,3.0
438,WIPI1,ARFGAP1,3.0
439,WIPI1,DNAJB9,6.0
440,WIPI1,SULT1A3,1.0
441,WIPI1,DNAJC3,2.0
442,WIPI1,SERP1,1.0
443,WIPI1,IGFBP1,4.0
444,WIPI1,YIF1A,5.0
445,WIPI1,ZBTB17,2.0
446,WIPI1,LMNA,5.0
447,WIPI1,WFS1,3.0
448,WIPI1,KDELR3,5.0
449,WIPI1,CXCL8,2.0
450,WIPI1,CALR,6.0
451,WIPI1,HYOU1,4.0
452,WIPI1,GSK3A,4.0
453,WIPI1,ASNS,7.0
454,WIPI1,PREB,3.0
455,WIPI1,SSR1,2.0
456,WIPI1,CXXC1,4.0
457,WIPI1,MYDGF,4.0
458,WIPI1,PPP2R5B,4.0
459,WIPI1,GOSR2,5.0
460,WIPI1,ATF4,2.0
461,WIPI1,GFPT1,2.0
462,WIPI1,PDIA6,4.0
463,WIPI1,ATF3,5.0
464,PLA2G4B,CCL2,2.0
465,PLA2G4B,FKBP14,5.0
466,PLA2G4B,ACADVL,5.0
467,PLA2G4B,ADD1,5.0
468,PLA2G4B,EDEM1,10.0
469,PLA2G4B,HSP90B1,1.0
470,PLA2G4B,CUL7,4.0
471,PLA2G4B,WIPI1,5.0
472,PLA2G4B,PLA2G4B,0.0
473,PLA2G4B,TLN1,7.0
474,PLA2G4B,KLHDC3,5.0
475,PLA2G4B,SEC31A,5.0
476,PLA2G4B,XBP1,4.0
477,PLA2G4B,HERPUD1,3.0
478,PLA2G4B,DCTN1,2.0
479,PLA2G4B,SRPRB,3.0
480,PLA2G4B,HSPA5,4.0
481,PLA2G4B,DDX11,5.0
482,PLA2G4B,TATDN2,3.0
483,PLA2G4B,SYVN1,3.0
484,PLA2G4B,DNAJB11,3.0
485,PLA2G4B,EXTL1,1.0
486,PLA2G4B,ATP6V0D1,3.0
487,PLA2G4B,HDGF,2.0
488,PLA2G4B,EXTL2,2.0
489,PLA2G4B,CTDSP2,4.0
490,PLA2G4B,DDIT3,2.0
491,PLA2G4B,SHC1,2.0
492,PLA2G4B,TSPYL2,3.0
493,PLA2G4B,TPP1,2.0
494,PLA2G4B,PDIA5,4.0
495,PLA2G4B,EXTL3,2.0
496,PLA2G4B,ARFGAP1,4.0
497,PLA2G4B,DNAJB9,3.0
498,PLA2G4B,SULT1A3,4.0
499,PLA2G4B,DNAJC3,5.0
500,PLA2G4B,SERP1,6.0
501,PLA2G4B,IGFBP1,2.0
502,PLA2G4B,YIF1A,2.0
503,PLA2G4B,ZBTB17,8.0
504,PLA2G4B,LMNA,4.0
505,PLA2G4B,WFS1,6.0
506,PLA2G4B,KDELR3,5.0
507,PLA2G4B,CXCL8,0.0
508,PLA2G4B,CALR,4.0
509,PLA2G4B,HYOU1,3.0
510,PLA2G4B,GSK3A,1.0
511,PLA2G4B,ASNS,4.0
512,PLA2G4B,PREB,3.0
513,PLA2G4B,SSR1,3.0
514,PLA2G4B,CXXC1,8.0
515,PLA2G4B,MYDGF,2.0
516,PLA2G4B,PPP2R5B,2.0
517,PLA2G4B,GOSR2,1.0
518,PLA2G4B,ATF4,6.0
519,PLA2G4B,GFPT1,5.0
520,PLA2G4B,PDIA6,4.0
521,PLA2G4B,ATF3,2.0
522,TLN1,CCL2,4.0
523,TLN1,FKBP14,5.0
524,TLN1,ACADVL,2.0
525,TLN1,ADD1,7.0
526,TLN1,EDEM1,3.0
527,TLN1,HSP90B1,7.0
528,TLN1,CUL7,2.0
529,TLN1,WIPI1,3.0
530,TLN1,PLA2G4B,7.0
531,TLN1,TLN1,0.0
532,TLN1,KLHDC3,4.0
533,TLN1,SEC31A,4.0
534,TLN1,XBP1,2.0
535,TLN1,HERPUD1,2.0
536,TLN1,DCTN1,6.0
537,TLN1,SRPRB,2.0
538,TLN1,HSPA5,4.0
539,TLN1,DDX11,5.0
540,TLN1,TATDN2,7.0
541,TLN1,SYVN1,1.0
542,TLN1,DNAJB11,5.0
543,TLN1,EXTL1,4.0
544,TLN1,ATP6V0D1,4.0
545,TLN1,HDGF,3.0
546,TLN1,EXTL2,5.0
547,TLN1,CTDSP2,5.0
548,TLN1,DDIT3,6.0
549,TLN1,SHC1,4.0
550,TLN1,TSPYL2,4.0
551,TLN1,TPP1,3.0
552,TLN1,PDIA5,4.0
553,TLN1,EXTL3,4.0
554,TLN1,ARFGAP1,9.0
555,TLN1,DNAJB9,5.0
556,TLN1,SULT1A3,4.0
557,TLN1,DNAJC3,5.0
558,TLN1,SERP1,5.0
559,TLN1,IGFBP1,4.0
560,TLN1,YIF1A,5.0
561,TLN1,ZBTB17,6.0
562,TLN1,LMNA,4.0
563,TLN1,WFS1,7.0
564,TLN1,KDELR3,8.0
565,TLN1,CXCL8,2.0
566,TLN1,CALR,7.0
567,TLN1,HYOU1,9.0
568,TLN1,GSK3A,4.0
569,TLN1,ASNS,3.0
570,TLN1,PREB,5.0
571,TLN1,SSR1,2.0
572,TLN1,CXXC1,6.0
573,TLN1,MYDGF,6.0
574,TLN1,PPP2R5B,3.0
575,TLN1,GOSR2,2.0
576,TLN1,ATF4,4.0
577,TLN1,GFPT1,3.0
578,TLN1,PDIA6,4.0
579,TLN1,ATF3,4.0
580,KLHDC3,CCL2,1.0
581,KLHDC3,FKBP14,5.0
582,KLHDC3,ACADVL,3.0
583,KLHDC3,ADD1,8.0
584,KLHDC3,EDEM1,4.0
585,KLHDC3,HSP90B1,3.0
586,KLHDC3,CUL7,3.0
587,KLHDC3,WIPI1,3.0
588,KLHDC3,PLA2G4B,5.0
589,KLHDC3,TLN1,4.0
590,KLHDC3,KLHDC3,0.0
591,KLHDC3,SEC31A,4.0
592,KLHDC3,XBP1,5.0
593,KLHDC3,HERPUD1,3.0
594,KLHDC3,DCTN1,6.0
595,KLHDC3,SRPRB,3.0
596,KLHDC3,HSPA5,5.0
597,KLHDC3,DDX11,5.0
598,KLHDC3,TATDN2,5.0
599,KLHDC3,SYVN1,2.0
600,KLHDC3,DNAJB11,7.0
601,KLHDC3,EXTL1,4.0
602,KLHDC3,ATP6V0D1,6.0
603,KLHDC3,HDGF,4.0
604,KLHDC3,EXTL2,6.0
605,KLHDC3,CTDSP2,4.0
606,KLHDC3,DDIT3,7.0
607,KLHDC3,SHC1,2.0
608,KLHDC3,TSPYL2,2.0
609,KLHDC3,TPP1,3.0
610,KLHDC3,PDIA5,6.0
611,KLHDC3,EXTL3,7.0
612,KLHDC3,ARFGAP1,4.0
613,KLHDC3,DNAJB9,4.0
614,KLHDC3,SULT1A3,6.0
615,KLHDC3,DNAJC3,3.0
616,KLHDC3,SERP1,3.0
617,KLHDC3,IGFBP1,2.0
618,KLHDC3,YIF1A,8.0
619,KLHDC3,ZBTB17,5.0
620,KLHDC3,LMNA,6.0
621,KLHDC3,WFS1,6.0
622,KLHDC3,KDELR3,7.0
623,KLHDC3,CXCL8,4.0
624,KLHDC3,CALR,3.0
625,KLHDC3,HYOU1,4.0
626,KLHDC3,GSK3A,6.0
627,KLHDC3,ASNS,4.0
628,KLHDC3,PREB,6.0
629,KLHDC3,SSR1,3.0
630,KLHDC3,CXXC1,5.0
631,KLHDC3,MYDGF,4.0
632,KLHDC3,PPP2R5B,7.0
633,KLHDC3,GOSR2,3.0
634,KLHDC3,ATF4,8.0
635,KLHDC3,GFPT1,4.0
636,KLHDC3,PDIA6,3.0
637,KLHDC3,ATF3,2.0
638,SEC31A,CCL2,4.0
639,SEC31A,FKBP14,4.0
640,SEC31A,ACADVL,2.0
641,SEC31A,ADD1,6.0
642,SEC31A,EDEM1,5.0
643,SEC31A,HSP90B1,5.0
644,SEC31A,CUL7,5.0
645,SEC31A,WIPI1,2.0
646,SEC31A,PLA2G4B,5.0
647,SEC31A,TLN1,4.0
648,SEC31A,KLHDC3,4.0
649,SEC31A,SEC31A,0.0
650,SEC31A,XBP1,2.0
651,SEC31A,HERPUD1,1.0
652,SEC31A,DCTN1,5.0
653,SEC31A,SRPRB,7.0
654,SEC31A,HSPA5,4.0
655,SEC31A,DDX11,4.0
656,SEC31A,TATDN2,5.0
657,SEC31A,SYVN1,3.0
658,SEC31A,DNAJB11,4.0
659,SEC31A,EXTL1,2.0
660,SEC31A,ATP6V0D1,1.0
661,SEC31A,HDGF,5.0
662,SEC31A,EXTL2,8.0
663,SEC31A,CTDSP2,5.0
664,SEC31A,DDIT3,1.0
665,SEC31A,SHC1,6.0
666,SEC31A,TSPYL2,5.0
667,SEC31A,TPP1,3.0
668,SEC31A,PDIA5,8.0
669,SEC31A,EXTL3,8.0
670,SEC31A,ARFGAP1,3.0
671,SEC31A,DNAJB9,3.0
672,SEC31A,SULT1A3,3.0
673,SEC31A,DNAJC3,6.0
674,SEC31A,SERP1,6.0
675,SEC31A,IGFBP1,3.0
676,SEC31A,YIF1A,6.0
677,SEC31A,ZBTB17,5.0
678,SEC31A,LMNA,4.0
679,SEC31A,WFS1,8.0
680,SEC31A,KDELR3,7.0
681,SEC31A,CXCL8,2.0
682,SEC31A,CALR,5.0
683,SEC31A,HYOU1,4.0
684,SEC31A,GSK3A,4.0
685,SEC31A,ASNS,5.0
686,SEC31A,PREB,3.0
687,SEC31A,SSR1,5.0
688,SEC31A,CXXC1,7.0
689,SEC31A,MYDGF,5.0
690,SEC31A,PPP2R5B,1.0
691,SEC31A,GOSR2,4.0
692,SEC31A,ATF4,3.0
693,SEC31A,GFPT1,9.0
694,SEC31A,PDIA6,4.0
695,SEC31A,ATF3,0.0
696,XBP1,CCL2,6.0
697,XBP1,FKBP14,2.0
698,XBP1,ACADVL,3.0
699,XBP1,ADD1,10.0
700,XBP1,EDEM1,3.0
701,XBP1,HSP90B1,4.0
702,XBP1,CUL7,6.0
703,XBP1,WIPI1,4.0
704,XBP1,PLA2G4B,4.0
705,XBP1,TLN1,2.0
706,XBP1,KLHDC3,5.0
707,XBP1,SEC31A,2.0
708,XBP1,XBP1,0.0
709,XBP1,HERPUD1,4.0
710,XBP1,DCTN1,4.0
711,XBP1,SRPRB,3.0
712,XBP1,HSPA5,4.0
713,XBP1,DDX11,4.0
714,XBP1,TATDN2,3.0
715,XBP1,SYVN1,2.0
716,XBP1,DNAJB11,2.0
717,XBP1,EXTL1,5.0
718,XBP1,ATP6V0D1,3.0
719,XBP1,HDGF,6.0
720,XBP1,EXTL2,6.0
721,XBP1,CTDSP2,4.0
722,XBP1,DDIT3,4.0
723,XBP1,SHC1,2.0
724,XBP1,TSPYL2,5.0
725,XBP1,TPP1,8.0
726,XBP1,PDIA5,2.0
727,XBP1,EXTL3,3.0
728,XBP1,ARFGAP1,4.0
729,XBP1,DNAJB9,3.0
730,XBP1,SULT1A3,2.0
731,XBP1,DNAJC3,3.0
732,XBP1,SERP1,6.0
733,XBP1,IGFBP1,4.0
734,XBP1,YIF1A,4.0
735,XBP1,ZBTB17,4.0
736,XBP1,LMNA,2.0
737,XBP1,WFS1,9.0
738,XBP1,KDELR3,3.0
739,XBP1,CXCL8,5.0
740,XBP1,CALR,5.0
741,XBP1,HYOU1,6.0
742,XBP1,GSK3A,3.0
743,XBP1,ASNS,11.0
744,XBP1,PREB,5.0
745,XBP1,SSR1,3.0
746,XBP1,CXXC1,5.0
747,XBP1,MYDGF,6.0
748,XBP1,PPP2R5B,5.0
749,XBP1,GOSR2,3.0
750,XBP1,ATF4,6.0
751,XBP1,GFPT1,2.0
752,XBP1,PDIA6,6.0
753,XBP1,ATF3,3.0
754,HERPUD1,CCL2,2.0
755,HERPUD1,FKBP14,2.0
756,HERPUD1,ACADVL,6.0
757,HERPUD1,ADD1,4.0
758,HERPUD1,EDEM1,3.0
759,HERPUD1,HSP90B1,4.0
760,HERPUD1,CUL7,5.0
761,HERPUD1,WIPI1,5.0
762,HERPUD1,PLA2G4B,3.0
763,HERPUD1,TLN1,2.0
764,HERPUD1,KLHDC3,3.0
765,HERPUD1,SEC31A,1.0
766,HERPUD1,XBP1,4.0
767,HERPUD1,HERPUD1,0.0
768,HERPUD1,DCTN1,4.0
769,HERPUD1,SRPRB,4.0
770,HERPUD1,HSPA5,6.0
771,HERPUD1,DDX11,2.0
772,HERPUD1,TATDN2,3.0
773,HERPUD1,SYVN1,5.0
774,HERPUD1,DNAJB11,4.0
775,HERPUD1,EXTL1,4.0
776,HERPUD1,ATP6V0D1,9.0
777,HERPUD1,HDGF,4.0
778,HERPUD1,EXTL2,4.0
779,HERPUD1,CTDSP2,1.0
780,HERPUD1,DDIT3,3.0
781,HERPUD1,SHC1,4.0
782,HERPUD1,TSPYL2,2.0
783,HERPUD1,TPP1,3.0
784,HERPUD1,PDIA5,4.0
785,HERPUD1,EXTL3,1.0
786,HERPUD1,ARFGAP1,4.0
787,HERPUD1,DNAJB9,6.0
788,HERPUD1,SULT1A3,1.0
789,HERPUD1,DNAJC3,0.0
790,HERPUD1,SERP1,6.0
791,HERPUD1,IGFBP1,3.0
792,HERPUD1,YIF1A,3.0
793,HERPUD1,ZBTB17,5.0
794,HERPUD1,LMNA,6.0
795,HERPUD1,WFS1,5.0
796,HERPUD1,KDELR3,6.0
797,HERPUD1,CXCL8,5.0
798,HERPUD1,CALR,6.0
799,HERPUD1,HYOU1,4.0
800,HERPUD1,GSK3A,0.0
801,HERPUD1,ASNS,3.0
802,HERPUD1,PREB,1.0
803,HERPUD1,SSR1,3.0
804,HERPUD1,CXXC1,1.0
805,HERPUD1,MYDGF,6.0
806,HERPUD1,PPP2R5B,0.0
807,HERPUD1,GOSR2,4.0
808,HERPUD1,ATF4,4.0
809,HERPUD1,GFPT1,3.0
810,HERPUD1,PDIA6,6.0
811,HERPUD1,ATF3,6.0
812,DCTN1,CCL2,3.0
813,DCTN1,FKBP14,4.0
814,DCTN1,ACADVL,5.0
815,DCTN1,ADD1,7.0
816,DCTN1,EDEM1,4.0
817,DCTN1,HSP90B1,3.0
818,DCTN1,CUL7,4.0
819,DCTN1,WIPI1,3.0
820,DCTN1,PLA2G4B,2.0
821,DCTN1,TLN1,6.0
822,DCTN1,KLHDC3,6.0
823,DCTN1,SEC31A,5.0
824,DCTN1,XBP1,4.0
825,DCTN1,HERPUD1,4.0
826,DCTN1,DCTN1,0.0
827,DCTN1,SRPRB,6.0
828,DCTN1,HSPA5,3.0
829,DCTN1,DDX11,3.0
830,DCTN1,TATDN2,6.0
831,DCTN1,SYVN1,5.0
832,DCTN1,DNAJB11,4.0
833,DCTN1,EXTL1,5.0
834,DCTN1,ATP6V0D1,8.0
835,DCTN1,HDGF,3.0
836,DCTN1,EXTL2,4.0
837,DCTN1,CTDSP2,2.0
838,DCTN1,DDIT3,6.0
839,DCTN1,SHC1,2.0
840,DCTN1,TSPYL2,5.0
841,DCTN1,TPP1,5.0
842,DCTN1,PDIA5,1.0
843,DCTN1,EXTL3,5.0
844,DCTN1,ARFGAP1,4.0
845,DCTN1,DNAJB9,3.0
846,DCTN1,SULT1A3,5.0
847,DCTN1,DNAJC3,3.0
848,DCTN1,SERP1,8.0
849,DCTN1,IGFBP1,2.0
850,DCTN1,YIF1A,6.0
851,DCTN1,ZBTB17,2.0
852,DCTN1,LMNA,3.0
853,DCTN1,WFS1,4.0
854,DCTN1,KDELR3,6.0
855,DCTN1,CXCL8,2.0
856,DCTN1,CALR,1.0
857,DCTN1,HYOU1,5.0
858,DCTN1,GSK3A,8.0
859,DCTN1,ASNS,4.0
860,DCTN1,PREB,2.0
861,DCTN1,SSR1,7.0
862,DCTN1,CXXC1,4.0
863,DCTN1,MYDGF,4.0
864,DCTN1,PPP2R5B,5.0
865,DCTN1,GOSR2,6.0
866,DCTN1,ATF4,3.0
867,DCTN1,GFPT1,6.0
868,DCTN1,PDIA6,8.0
869,DCTN1,ATF3,2.0
870,SRPRB,CCL2,2.0
871,SRPRB,FKBP14,2.0
872,SRPRB,ACADVL,4.0
873,SRPRB,ADD1,3.0
874,SRPRB,EDEM1,2.0
875,SRPRB,HSP90B1,7.0
876,SRPRB,CUL7,4.0
877,SRPRB,WIPI1,0.0
878,SRPRB,PLA2G4B,3.0
879,SRPRB,TLN1,2.0
880,SRPRB,KLHDC3,3.0
881,SRPRB,SEC31A,7.0
882,SRPRB,XBP1,3.0
883,SRPRB,HERPUD1,4.0
884,SRPRB,DCTN1,6.0
885,SRPRB,SRPRB,0.0
886,SRPRB,HSPA5,6.0
887,SRPRB,DDX11,5.0
888,SRPRB,TATDN2,3.0
889,SRPRB,SYVN1,5.0
890,SRPRB,DNAJB11,4.0
891,SRPRB,EXTL1,1.0
892,SRPRB,ATP6V0D1,3.0
893,SRPRB,HDGF,6.0
894,SRPRB,EXTL2,3.0
895,SRPRB,CTDSP2,3.0
896,SRPRB,DDIT3,3.0
897,SRPRB,SHC1,4.0
898,SRPRB,TSPYL2,6.0
899,SRPRB,TPP1,4.0
900,SRPRB,PDIA5,1.0
901,SRPRB,EXTL3,5.0
902,SRPRB,ARFGAP1,6.0
903,SRPRB,DNAJB9,7.0
904,SRPRB,SULT1A3,8.0
905,SRPRB,DNAJC3,6.0
906,SRPRB,SERP1,5.0
907,SRPRB,IGFBP1,1.0
908,SRPRB,YIF1A,3.0
909,SRPRB,ZBTB17,6.0
910,SRPRB,LMNA,5.0
911,SRPRB,WFS1,5.0
912,SRPRB,KDELR3,3.0
913,SRPRB,CXCL8,3.0
914,SRPRB,CALR,3.0
915,SRPRB,HYOU1,3.0
916,SRPRB,GSK3A,1.0
917,SRPRB,ASNS,2.0
918,SRPRB,PREB,5.0
919,SRPRB,SSR1,11.0
920,SRPRB,CXXC1,3.0
921,SRPRB,MYDGF,3.0
922,SRPRB,PPP2R5B,4.0
923,SRPRB,GOSR2,5.0
924,SRPRB,ATF4,0.0
925,SRPRB,GFPT1,4.0
926,SRPRB,PDIA6,4.0
927,SRPRB,ATF3,3.0
928,HSPA5,CCL2,2.0
929,HSPA5,FKBP14,2.0
930,HSPA5,ACADVL,3.0
931,HSPA5,ADD1,4.0
932,HSPA5,EDEM1,2.0
933,HSPA5,HSP90B1,9.0
934,HSPA5,CUL7,4.0
935,HSPA5,WIPI1,4.0
936,HSPA5,PLA2G4B,4.0
937,HSPA5,TLN1,4.0
938,HSPA5,KLHDC3,5.0
939,HSPA5,SEC31A,4.0
940,HSPA5,XBP1,4.0
941,HSPA5,HERPUD1,6.0
942,HSPA5,DCTN1,3.0
943,HSPA5,SRPRB,6.0
944,HSPA5,HSPA5,0.0
945,HSPA5,DDX11,4.0
946,HSPA5,TATDN2,3.0
947,HSPA5,SYVN1,4.0
948,HSPA5,DNAJB11,6.0
949,HSPA5,EXTL1,4.0
950,HSPA5,ATP6V0D1,1.0
951,HSPA5,HDGF,6.0
952,HSPA5,EXTL2,7.0
953,HSPA5,CTDSP2,5.0
954,HSPA5,DDIT3,1.0
955,HSPA5,SHC1,8.0
956,HSPA5,TSPYL2,6.0
957,HSPA5,TPP1,2.0
958,HSPA5,PDIA5,9.0
959,HSPA5,EXTL3,7.0
960,HSPA5,ARFGAP1,3.0
961,HSPA5,DNAJB9,3.0
962,HSPA5,SULT1A3,3.0
963,HSPA5,DNAJC3,4.0
964,HSPA5,SERP1,7.0
965,HSPA5,IGFBP1,3.0
966,HSPA5,YIF1A,5.0
967,HSPA5,ZBTB17,4.0
968,HSPA5,LMNA,3.0
969,HSPA5,WFS1,6.0
970,HSPA5,KDELR3,5.0
971,HSPA5,CXCL8,2.0
972,HSPA5,CALR,7.0
973,HSPA5,HYOU1,6.0
974,HSPA5,GSK3A,2.0
975,HSPA5,ASNS,4.0
976,HSPA5,PREB,3.0
977,HSPA5,SSR1,6.0
978,HSPA5,CXXC1,2.0
979,HSPA5,MYDGF,8.0
980,HSPA5,PPP2R5B,3.0
981,HSPA5,GOSR2,2.0
982,HSPA5,ATF4,3.0
983,HSPA5,GFPT1,0.0
984,HSPA5,PDIA6,10.0
985,HSPA5,ATF3,2.0
986,DDX11,CCL2,9.0
987,DDX11,FKBP14,2.0
988,DDX11,ACADVL,5.0
989,DDX11,ADD1,8.0
990,DDX11,EDEM1,7.0
991,DDX11,HSP90B1,5.0
992,DDX11,CUL7,4.0
993,DDX11,WIPI1,7.0
994,DDX11,PLA2G4B,5.0
995,DDX11,TLN1,5.0
996,DDX11,KLHDC3,5.0
997,DDX11,SEC31A,4.0
998,DDX11,XBP1,4.0
999,DDX11,HERPUD1,2.0
1000,DDX11,DCTN1,3.0
1001,DDX11,SRPRB,5.0
1002,DDX11,HSPA5,4.0
1003,DDX11,DDX11,0.0
1004,DDX11,TATDN2,2.0
1005,DDX11,SYVN1,6.0
1006,DDX11,DNAJB11,5.0
1007,DDX11,EXTL1,3.0
1008,DDX11,ATP6V0D1,1.0
1009,DDX11,HDGF,2.0
1010,DDX11,EXTL2,2.0
1011,DDX11,CTDSP2,0.0
1012,DDX11,DDIT3,2.0
1013,DDX11,SHC1,5.0
1014,DDX11,TSPYL2,5.0
1015,DDX11,TPP1,4.0
1016,DDX11,PDIA5,4.0
1017,DDX11,EXTL3,4.0
1018,DDX11,ARFGAP1,6.0
1019,DDX11,DNAJB9,2.0
1020,DDX11,SULT1A3,4.0
1021,DDX11,DNAJC3,3.0
1022,DDX11,SERP1,3.0
1023,DDX11,IGFBP1,2.0
1024,DDX11,YIF1A,6.0
1025,DDX11,ZBTB17,5.0
1026,DDX11,LMNA,3.0
1027,DDX11,WFS1,3.0
1028,DDX11,KDELR3,3.0
1029,DDX11,CXCL8,3.0
1030,DDX11,CALR,5.0
1031,DDX11,HYOU1,3.0
1032,DDX11,GSK3A,4.0
1033,DDX11,ASNS,2.0
1034,DDX11,PREB,5.0
1035,DDX11,SSR1,4.0
1036,DDX11,CXXC1,9.0
1037,DDX11,MYDGF,7.0
1038,DDX11,PPP2R5B,7.0
1039,DDX11,GOSR2,2.0
1040,DDX11,ATF4,4.0
1041,DDX11,GFPT1,0.0
1042,DDX11,PDIA6,3.0
1043,DDX11,ATF3,2.0
1044,TATDN2,CCL2,7.0
1045,TATDN2,FKBP14,6.0
1046,TATDN2,ACADVL,3.0
1047,TATDN2,ADD1,5.0
1048,TATDN2,EDEM1,3.0
1049,TATDN2,HSP90B1,5.0
1050,TATDN2,CUL7,5.0
1051,TATDN2,WIPI1,2.0
1052,TATDN2,PLA2G4B,3.0
1053,TATDN2,TLN1,7.0
1054,TATDN2,KLHDC3,5.0
1055,TATDN2,SEC31A,5.0
1056,TATDN2,XBP1,3.0
1057,TATDN2,HERPUD1,3.0
1058,TATDN2,DCTN1,6.0
1059,TATDN2,SRPRB,3.0
1060,TATDN2,HSPA5,3.0
1061,TATDN2,DDX11,2.0
1062,TATDN2,TATDN2,0.0
1063,TATDN2,SYVN1,6.0
1064,TATDN2,DNAJB11,2.0
1065,TATDN2,EXTL1,2.0
1066,TATDN2,ATP6V0D1,5.0
1067,TATDN2,HDGF,5.0
1068,TATDN2,EXTL2,4.0
1069,TATDN2,CTDSP2,1.0
1070,TATDN2,DDIT3,3.0
1071,TATDN2,SHC1,6.0
1072,TATDN2,TSPYL2,3.0
1073,TATDN2,TPP1,5.0
1074,TATDN2,PDIA5,3.0
1075,TATDN2,EXTL3,6.0
1076,TATDN2,ARFGAP1,6.0
1077,TATDN2,DNAJB9,2.0
1078,TATDN2,SULT1A3,4.0
1079,TATDN2,DNAJC3,4.0
1080,TATDN2,SERP1,6.0
1081,TATDN2,IGFBP1,1.0
1082,TATDN2,YIF1A,3.0
1083,TATDN2,ZBTB17,4.0
1084,TATDN2,LMNA,6.0
1085,TATDN2,WFS1,4.0
1086,TATDN2,KDELR3,4.0
1087,TATDN2,CXCL8,5.0
1088,TATDN2,CALR,7.0
1089,TATDN2,HYOU1,4.0
1090,TATDN2,GSK3A,3.0
1091,TATDN2,ASNS,4.0
1092,TATDN2,PREB,6.0
1093,TATDN2,SSR1,6.0
1094,TATDN2,CXXC1,4.0
1095,TATDN2,MYDGF,2.0
1096,TATDN2,PPP2R5B,5.0
1097,TATDN2,GOSR2,5.0
1098,TATDN2,ATF4,3.0
1099,TATDN2,GFPT1,2.0
1100,TATDN2,PDIA6,5.0
1101,TATDN2,ATF3,5.0
1102,SYVN1,CCL2,5.0
1103,SYVN1,FKBP14,3.0
1104,SYVN1,ACADVL,2.0
1105,SYVN1,ADD1,5.0
1106,SYVN1,EDEM1,2.0
1107,SYVN1,HSP90B1,6.0
1108,SYVN1,CUL7,5.0
1109,SYVN1,WIPI1,4.0
1110,SYVN1,PLA2G4B,3.0
1111,SYVN1,TLN1,1.0
1112,SYVN1,KLHDC3,2.0
1113,SYVN1,SEC31A,3.0
1114,SYVN1,XBP1,2.0
1115,SYVN1,HERPUD1,5.0
1116,SYVN1,DCTN1,5.0
1117,SYVN1,SRPRB,5.0
1118,SYVN1,HSPA5,4.0
1119,SYVN1,DDX11,6.0
1120,SYVN1,TATDN2,6.0
1121,SYVN1,SYVN1,0.0
1122,SYVN1,DNAJB11,3.0
1123,SYVN1,EXTL1,2.0
1124,SYVN1,ATP6V0D1,6.0
1125,SYVN1,HDGF,5.0
1126,SYVN1,EXTL2,6.0
1127,SYVN1,CTDSP2,4.0
1128,SYVN1,DDIT3,3.0
1129,SYVN1,SHC1,4.0
1130,SYVN1,TSPYL2,3.0
1131,SYVN1,TPP1,3.0
1132,SYVN1,PDIA5,5.0
1133,SYVN1,EXTL3,3.0
1134,SYVN1,ARFGAP1,4.0
1135,SYVN1,DNAJB9,4.0
1136,SYVN1,SULT1A3,3.0
1137,SYVN1,DNAJC3,5.0
1138,SYVN1,SERP1,4.0
1139,SYVN1,IGFBP1,2.0
1140,SYVN1,YIF1A,8.0
1141,SYVN1,ZBTB17,6.0
1142,SYVN1,LMNA,4.0
1143,SYVN1,WFS1,4.0
1144,SYVN1,KDELR3,6.0
1145,SYVN1,CXCL8,4.0
1146,SYVN1,CALR,4.0
1147,SYVN1,HYOU1,4.0
1148,SYVN1,GSK3A,2.0
1149,SYVN1,ASNS,5.0
1150,SYVN1,PREB,3.0
1151,SYVN1,SSR1,3.0
1152,SYVN1,CXXC1,7.0
1153,SYVN1,MYDGF,4.0
1154,SYVN1,PPP2R5B,4.0
1155,SYVN1,GOSR2,3.0
1156,SYVN1,ATF4,5.0
1157,SYVN1,GFPT1,1.0
1158,SYVN1,PDIA6,7.0
1159,SYVN1,ATF3,4.0
1160,DNAJB11,CCL2,2.0
1161,DNAJB11,FKBP14,4.0
1162,DNAJB11,ACADVL,7.0
1163,DNAJB11,ADD1,6.0
1164,DNAJB11,EDEM1,3.0
1165,DNAJB11,HSP90B1,6.0
1166,DNAJB11,CUL7,7.0
1167,DNAJB11,WIPI1,2.0
1168,DNAJB11,PLA2G4B,3.0
1169,DNAJB11,TLN1,5.0
1170,DNAJB11,KLHDC3,7.0
1171,DNAJB11,SEC31A,4.0
1172,DNAJB11,XBP1,2.0
1173,DNAJB11,HERPUD1,4.0
1174,DNAJB11,DCTN1,4.0
1175,DNAJB11,SRPRB,4.0
1176,DNAJB11,HSPA5,6.0
1177,DNAJB11,DDX11,5.0
1178,DNAJB11,TATDN2,2.0
1179,DNAJB11,SYVN1,3.0
1180,DNAJB11,DNAJB11,0.0
1181,DNAJB11,EXTL1,2.0
1182,DNAJB11,ATP6V0D1,2.0
1183,DNAJB11,HDGF,6.0
1184,DNAJB11,EXTL2,7.0
1185,DNAJB11,CTDSP2,4.0
1186,DNAJB11,DDIT3,2.0
1187,DNAJB11,SHC1,5.0
1188,DNAJB11,TSPYL2,1.0
1189,DNAJB11,TPP1,4.0
1190,DNAJB11,PDIA5,4.0
1191,DNAJB11,EXTL3,3.0
1192,DNAJB11,ARFGAP1,3.0
1193,DNAJB11,DNAJB9,5.0
1194,DNAJB11,SULT1A3,5.0
1195,DNAJB11,DNAJC3,6.0
1196,DNAJB11,SERP1,3.0
1197,DNAJB11,IGFBP1,3.0
1198,DNAJB11,YIF1A,3.0
1199,DNAJB11,ZBTB17,4.0
1200,DNAJB11,LMNA,5.0
1201,DNAJB11,WFS1,7.0
1202,DNAJB11,KDELR3,4.0
1203,DNAJB11,CXCL8,4.0
1204,DNAJB11,CALR,3.0
1205,DNAJB11,HYOU1,10.0
1206,DNAJB11,GSK3A,4.0
1207,DNAJB11,ASNS,3.0
1208,DNAJB11,PREB,5.0
1209,DNAJB11,SSR1,6.0
1210,DNAJB11,CXXC1,5.0
1211,DNAJB11,MYDGF,6.0
1212,DNAJB11,PPP2R5B,7.0
1213,DNAJB11,GOSR2,5.0
1214,DNAJB11,ATF4,6.0
1215,DNAJB11,GFPT1,5.0
1216,DNAJB11,PDIA6,5.0
1217,DNAJB11,ATF3,4.0
1218,EXTL1,CCL2,7.0
1219,EXTL1,FKBP14,1.0
1220,EXTL1,ACADVL,5.0
1221,EXTL1,ADD1,4.0
1222,EXTL1,EDEM1,2.0
1223,EXTL1,HSP90B1,3.0
1224,EXTL1,CUL7,5.0
1225,EXTL1,WIPI1,4.0
1226,EXTL1,PLA2G4B,1.0
1227,EXTL1,TLN1,4.0
1228,EXTL1,KLHDC3,4.0
1229,EXTL1,SEC31A,2.0
1230,EXTL1,XBP1,5.0
1231,EXTL1,HERPUD1,4.0
1232,EXTL1,DCTN1,5.0
1233,EXTL1,SRPRB,1.0
1234,EXTL1,HSPA5,4.0
1235,EXTL1,DDX11,3.0
1236,EXTL1,TATDN2,2.0
1237,EXTL1,SYVN1,2.0
1238,EXTL1,DNAJB11,2.0
1239,EXTL1,EXTL1,0.0
1240,EXTL1,ATP6V0D1,5.0
1241,EXTL1,HDGF,3.0
1242,EXTL1,EXTL2,6.0
1243,EXTL1,CTDSP2,3.0
1244,EXTL1,DDIT3,4.0
1245,EXTL1,SHC1,4.0
1246,EXTL1,TSPYL2,4.0
1247,EXTL1,TPP1,4.0
1248,EXTL1,PDIA5,4.0
1249,EXTL1,EXTL3,7.0
1250,EXTL1,ARFGAP1,3.0
1251,EXTL1,DNAJB9,4.0
1252,EXTL1,SULT1A3,3.0
1253,EXTL1,DNAJC3,1.0
1254,EXTL1,SERP1,2.0
1255,EXTL1,IGFBP1,0.0
1256,EXTL1,YIF1A,6.0
1257,EXTL1,ZBTB17,4.0
1258,EXTL1,LMNA,4.0
1259,EXTL1,WFS1,5.0
1260,EXTL1,KDELR3,5.0
1261,EXTL1,CXCL8,4.0
1262,EXTL1,CALR,3.0
1263,EXTL1,HYOU1,5.0
1264,EXTL1,GSK3A,5.0
1265,EXTL1,ASNS,2.0
1266,EXTL1,PREB,1.0
1267,EXTL1,SSR1,1.0
1268,EXTL1,CXXC1,8.0
1269,EXTL1,MYDGF,3.0
1270,EXTL1,PPP2R5B,5.0
1271,EXTL1,GOSR2,2.0
1272,EXTL1,ATF4,3.0
1273,EXTL1,GFPT1,5.0
1274,EXTL1,PDIA6,2.0
1275,EXTL1,ATF3,2.0
1276,ATP6V0D1,CCL2,3.0
1277,ATP6V0D1,FKBP14,3.0
1278,ATP6V0D1,ACADVL,4.0
1279,ATP6V0D1,ADD1,5.0
1280,ATP6V0D1,EDEM1,5.0
1281,ATP6V0D1,HSP90B1,8.0
1282,ATP6V0D1,CUL7,7.0
1283,ATP6V0D1,WIPI1,5.0
1284,ATP6V0D1,PLA2G4B,3.0
1285,ATP6V0D1,TLN1,4.0
1286,ATP6V0D1,KLHDC3,6.0
1287,ATP6V0D1,SEC31A,1.0
1288,ATP6V0D1,XBP1,3.0
1289,ATP6V0D1,HERPUD1,9.0
1290,ATP6V0D1,DCTN1,8.0
1291,ATP6V0D1,SRPRB,3.0
1292,ATP6V0D1,HSPA5,1.0
1293,ATP6V0D1,DDX11,1.0
1294,ATP6V0D1,TATDN2,5.0
1295,ATP6V0D1,SYVN1,6.0
1296,ATP6V0D1,DNAJB11,2.0
1297,ATP6V0D1,EXTL1,5.0
1298,ATP6V0D1,ATP6V0D1,0.0
1299,ATP6V0D1,HDGF,5.0
1300,ATP6V0D1,EXTL2,8.0
1301,ATP6V0D1,CTDSP2,5.0
1302,ATP6V0D1,DDIT3,4.0
1303,ATP6V0D1,SHC1,3.0
1304,ATP6V0D1,TSPYL2,1.0
1305,ATP6V0D1,TPP1,4.0
1306,ATP6V0D1,PDIA5,6.0
1307,ATP6V0D1,EXTL3,6.0
1308,ATP6V0D1,ARFGAP1,6.0
1309,ATP6V0D1,DNAJB9,2.0
1310,ATP6V0D1,SULT1A3,3.0
1311,ATP6V0D1,DNAJC3,4.0
1312,ATP6V0D1,SERP1,4.0
1313,ATP6V0D1,IGFBP1,2.0
1314,ATP6V0D1,YIF1A,8.0
1315,ATP6V0D1,ZBTB17,3.0
1316,ATP6V0D1,LMNA,4.0
1317,ATP6V0D1,WFS1,2.0
1318,ATP6V0D1,KDELR3,3.0
1319,ATP6V0D1,CXCL8,1.0
1320,ATP6V0D1,CALR,6.0
1321,ATP6V0D1,HYOU1,5.0
1322,ATP6V0D1,GSK3A,6.0
1323,ATP6V0D1,ASNS,7.0
1324,ATP6V0D1,PREB,5.0
1325,ATP6V0D1,SSR1,3.0
1326,ATP6V0D1,CXXC1,3.0
1327,ATP6V0D1,MYDGF,3.0
1328,ATP6V0D1,PPP2R5B,5.0
1329,ATP6V0D1,GOSR2,6.0
1330,ATP6V0D1,ATF4,5.0
1331,ATP6V0D1,GFPT1,2.0
1332,ATP6V0D1,PDIA6,6.0
1333,ATP6V0D1,ATF3,5.0
1334,HDGF,CCL2,3.0
1335,HDGF,FKBP14,6.0
1336,HDGF,ACADVL,6.0
1337,HDGF,ADD1,6.0
1338,HDGF,EDEM1,3.0
1339,HDGF,HSP90B1,1.0
1340,HDGF,CUL7,4.0
1341,HDGF,WIPI1,3.0
1342,HDGF,PLA2G4B,2.0
1343,HDGF,TLN1,3.0
1344,HDGF,KLHDC3,4.0
1345,HDGF,SEC31A,5.0
1346,HDGF,XBP1,6.0
1347,HDGF,HERPUD1,4.0
1348,HDGF,DCTN1,3.0
1349,HDGF,SRPRB,6.0
1350,HDGF,HSPA5,6.0
1351,HDGF,DDX11,2.0
1352,HDGF,TATDN2,5.0
1353,HDGF,SYVN1,5.0
1354,HDGF,DNAJB11,6.0
1355,HDGF,EXTL1,3.0
1356,HDGF,ATP6V0D1,5.0
1357,HDGF,HDGF,0.0
1358,HDGF,EXTL2,4.0
1359,HDGF,CTDSP2,3.0
1360,HDGF,DDIT3,2.0
1361,HDGF,SHC1,1.0
1362,HDGF,TSPYL2,5.0
1363,HDGF,TPP1,5.0
1364,HDGF,PDIA5,1.0
1365,HDGF,EXTL3,4.0
1366,HDGF,ARFGAP1,1.0
1367,HDGF,DNAJB9,8.0
1368,HDGF,SULT1A3,2.0
1369,HDGF,DNAJC3,4.0
1370,HDGF,SERP1,4.0
1371,HDGF,IGFBP1,3.0
1372,HDGF,YIF1A,7.0
1373,HDGF,ZBTB17,2.0
1374,HDGF,LMNA,3.0
1375,HDGF,WFS1,8.0
1376,HDGF,KDELR3,3.0
1377,HDGF,CXCL8,4.0
1378,HDGF,CALR,9.0
1379,HDGF,HYOU1,4.0
1380,HDGF,GSK3A,4.0
1381,HDGF,ASNS,2.0
1382,HDGF,PREB,3.0
1383,HDGF,SSR1,3.0
1384,HDGF,CXXC1,5.0
1385,HDGF,MYDGF,12.0
1386,HDGF,PPP2R5B,6.0
1387,HDGF,GOSR2,5.0
1388,HDGF,ATF4,5.0
1389,HDGF,GFPT1,1.0
1390,HDGF,PDIA6,2.0
1391,HDGF,ATF3,4.0
1392,EXTL2,CCL2,3.0
1393,EXTL2,FKBP14,12.0
1394,EXTL2,ACADVL,5.0
1395,EXTL2,ADD1,5.0
1396,EXTL2,EDEM1,2.0
1397,EXTL2,HSP90B1,7.0
1398,EXTL2,CUL7,6.0
1399,EXTL2,WIPI1,2.0
1400,EXTL2,PLA2G4B,2.0
1401,EXTL2,TLN1,5.0
1402,EXTL2,KLHDC3,6.0
1403,EXTL2,SEC31A,8.0
1404,EXTL2,XBP1,6.0
1405,EXTL2,HERPUD1,4.0
1406,EXTL2,DCTN1,4.0
1407,EXTL2,SRPRB,3.0
1408,EXTL2,HSPA5,7.0
1409,EXTL2,DDX11,2.0
1410,EXTL2,TATDN2,4.0
1411,EXTL2,SYVN1,6.0
1412,EXTL2,DNAJB11,7.0
1413,EXTL2,EXTL1,6.0
1414,EXTL2,ATP6V0D1,8.0
1415,EXTL2,HDGF,4.0
1416,EXTL2,EXTL2,0.0
1417,EXTL2,CTDSP2,5.0
1418,EXTL2,DDIT3,4.0
1419,EXTL2,SHC1,9.0
1420,EXTL2,TSPYL2,8.0
1421,EXTL2,TPP1,2.0
1422,EXTL2,PDIA5,10.0
1423,EXTL2,EXTL3,5.0
1424,EXTL2,ARFGAP1,6.0
1425,EXTL2,DNAJB9,3.0
1426,EXTL2,SULT1A3,2.0
1427,EXTL2,DNAJC3,9.0
1428,EXTL2,SERP1,6.0
1429,EXTL2,IGFBP1,1.0
1430,EXTL2,YIF1A,4.0
1431,EXTL2,ZBTB17,7.0
1432,EXTL2,LMNA,8.0
1433,EXTL2,WFS1,7.0
1434,EXTL2,KDELR3,4.0
1435,EXTL2,CXCL8,2.0
1436,EXTL2,CALR,4.0
1437,EXTL2,HYOU1,5.0
1438,EXTL2,GSK3A,6.0
1439,EXTL2,ASNS,3.0
1440,EXTL2,PREB,3.0
1441,EXTL2,SSR1,5.0
1442,EXTL2,CXXC1,7.0
1443,EXTL2,MYDGF,3.0
1444,EXTL2,PPP2R5B,6.0
1445,EXTL2,GOSR2,3.0
1446,EXTL2,ATF4,6.0
1447,EXTL2,GFPT1,6.0
1448,EXTL2,PDIA6,5.0
1449,EXTL2,ATF3,4.0
1450,CTDSP2,CCL2,6.0
1451,CTDSP2,FKBP14,5.0
1452,CTDSP2,ACADVL,3.0
1453,CTDSP2,ADD1,4.0
1454,CTDSP2,EDEM1,4.0
1455,CTDSP2,HSP90B1,2.0
1456,CTDSP2,CUL7,7.0
1457,CTDSP2,WIPI1,2.0
1458,CTDSP2,PLA2G4B,4.0
1459,CTDSP2,TLN1,5.0
1460,CTDSP2,KLHDC3,4.0
1461,CTDSP2,SEC31A,5.0
1462,CTDSP2,XBP1,4.0
1463,CTDSP2,HERPUD1,1.0
1464,CTDSP2,DCTN1,2.0
1465,CTDSP2,SRPRB,3.0
1466,CTDSP2,HSPA5,5.0
1467,CTDSP2,DDX11,0.0
1468,CTDSP2,TATDN2,1.0
1469,CTDSP2,SYVN1,4.0
1470,CTDSP2,DNAJB11,4.0
1471,CTDSP2,EXTL1,3.0
1472,CTDSP2,ATP6V0D1,5.0
1473,CTDSP2,HDGF,3.0
1474,CTDSP2,EXTL2,5.0
1475,CTDSP2,CTDSP2,0.0
1476,CTDSP2,DDIT3,4.0
1477,CTDSP2,SHC1,8.0
1478,CTDSP2,TSPYL2,3.0
1479,CTDSP2,TPP1,3.0
1480,CTDSP2,PDIA5,4.0
1481,CTDSP2,EXTL3,9.0
1482,CTDSP2,ARFGAP1,2.0
1483,CTDSP2,DNAJB9,2.0
1484,CTDSP2,SULT1A3,1.0
1485,CTDSP2,DNAJC3,7.0
1486,CTDSP2,SERP1,5.0
1487,CTDSP2,IGFBP1,3.0
1488,CTDSP2,YIF1A,5.0
1489,CTDSP2,ZBTB17,3.0
1490,CTDSP2,LMNA,2.0
1491,CTDSP2,WFS1,5.0
1492,CTDSP2,KDELR3,3.0
1493,CTDSP2,CXCL8,2.0
1494,CTDSP2,CALR,6.0
1495,CTDSP2,HYOU1,5.0
1496,CTDSP2,GSK3A,2.0
1497,CTDSP2,ASNS,3.0
1498,CTDSP2,PREB,1.0
1499,CTDSP2,SSR1,6.0
1500,CTDSP2,CXXC1,5.0
1501,CTDSP2,MYDGF,8.0
1502,CTDSP2,PPP2R5B,3.0
1503,CTDSP2,GOSR2,2.0
1504,CTDSP2,ATF4,2.0
1505,CTDSP2,GFPT1,3.0
1506,CTDSP2,PDIA6,3.0
1507,CTDSP2,ATF3,1.0
1508,DDIT3,CCL2,2.0
1509,DDIT3,FKBP14,2.0
1510,DDIT3,ACADVL,6.0
1511,DDIT3,ADD1,4.0
1512,DDIT3,EDEM1,0.0
1513,DDIT3,HSP90B1,1.0
1514,DDIT3,CUL7,3.0
1515,DDIT3,WIPI1,3.0
1516,DDIT3,PLA2G4B,2.0
1517,DDIT3,TLN1,6.0
1518,DDIT3,KLHDC3,7.0
1519,DDIT3,SEC31A,1.0
1520,DDIT3,XBP1,4.0
1521,DDIT3,HERPUD1,3.0
1522,DDIT3,DCTN1,6.0
1523,DDIT3,SRPRB,3.0
1524,DDIT3,HSPA5,1.0
1525,DDIT3,DDX11,2.0
1526,DDIT3,TATDN2,3.0
1527,DDIT3,SYVN1,3.0
1528,DDIT3,DNAJB11,2.0
1529,DDIT3,EXTL1,4.0
1530,DDIT3,ATP6V0D1,4.0
1531,DDIT3,HDGF,2.0
1532,DDIT3,EXTL2,4.0
1533,DDIT3,CTDSP2,4.0
1534,DDIT3,DDIT3,0.0
1535,DDIT3,SHC1,3.0
1536,DDIT3,TSPYL2,6.0
1537,DDIT3,TPP1,2.0
1538,DDIT3,PDIA5,5.0
1539,DDIT3,EXTL3,4.0
1540,DDIT3,ARFGAP1,4.0
1541,DDIT3,DNAJB9,1.0
1542,DDIT3,SULT1A3,1.0
1543,DDIT3,DNAJC3,0.0
1544,DDIT3,SERP1,6.0
1545,DDIT3,IGFBP1,1.0
1546,DDIT3,YIF1A,6.0
1547,DDIT3,ZBTB17,6.0
1548,DDIT3,LMNA,8.0
1549,DDIT3,WFS1,6.0
1550,DDIT3,KDELR3,1.0
1551,DDIT3,CXCL8,3.0
1552,DDIT3,CALR,3.0
1553,DDIT3,HYOU1,0.0
1554,DDIT3,GSK3A,9.0
1555,DDIT3,ASNS,3.0
1556,DDIT3,PREB,5.0
1557,DDIT3,SSR1,3.0
1558,DDIT3,CXXC1,6.0
1559,DDIT3,MYDGF,7.0
1560,DDIT3,PPP2R5B,4.0
1561,DDIT3,GOSR2,2.0
1562,DDIT3,ATF4,6.0
1563,DDIT3,GFPT1,3.0
1564,DDIT3,PDIA6,1.0
1565,DDIT3,ATF3,2.0
1566,SHC1,CCL2,6.0
1567,SHC1,FKBP14,6.0
1568,SHC1,ACADVL,2.0
1569,SHC1,ADD1,4.0
1570,SHC1,EDEM1,4.0
1571,SHC1,HSP90B1,7.0
1572,SHC1,CUL7,5.0
1573,SHC1,WIPI1,6.0
1574,SHC1,PLA2G4B,2.0
1575,SHC1,TLN1,4.0
1576,SHC1,KLHDC3,2.0
1577,SHC1,SEC31A,6.0
1578,SHC1,XBP1,2.0
1579,SHC1,HERPUD1,4.0
1580,SHC1,DCTN1,2.0
1581,SHC1,SRPRB,4.0
1582,SHC1,HSPA5,8.0
1583,SHC1,DDX11,5.0
1584,SHC1,TATDN2,6.0
1585,SHC1,SYVN1,4.0
1586,SHC1,DNAJB11,5.0
1587,SHC1,EXTL1,4.0
1588,SHC1,ATP6V0D1,3.0
1589,SHC1,HDGF,1.0
1590,SHC1,EXTL2,9.0
1591,SHC1,CTDSP2,8.0
1592,SHC1,DDIT3,3.0
1593,SHC1,SHC1,0.0
1594,SHC1,TSPYL2,6.0
1595,SHC1,TPP1,6.0
1596,SHC1,PDIA5,4.0
1597,SHC1,EXTL3,10.0
1598,SHC1,ARFGAP1,4.0
1599,SHC1,DNAJB9,3.0
1600,SHC1,SULT1A3,1.0
1601,SHC1,DNAJC3,4.0
1602,SHC1,SERP1,2.0
1603,SHC1,IGFBP1,3.0
1604,SHC1,YIF1A,4.0
1605,SHC1,ZBTB17,5.0
1606,SHC1,LMNA,0.0
1607,SHC1,WFS1,7.0
1608,SHC1,KDELR3,7.0
1609,SHC1,CXCL8,5.0
1610,SHC1,CALR,6.0
1611,SHC1,HYOU1,5.0
1612,SHC1,GSK3A,2.0
1613,SHC1,ASNS,2.0
1614,SHC1,PREB,5.0
1615,SHC1,SSR1,6.0
1616,SHC1,CXXC1,4.0
1617,SHC1,MYDGF,6.0
1618,SHC1,PPP2R5B,5.0
1619,SHC1,GOSR2,9.0
1620,SHC1,ATF4,3.0
1621,SHC1,GFPT1,5.0
1622,SHC1,PDIA6,4.0
1623,SHC1,ATF3,0.0
1624,TSPYL2,CCL2,5.0
1625,TSPYL2,FKBP14,5.0
1626,TSPYL2,ACADVL,6.0
1627,TSPYL2,ADD1,10.0
1628,TSPYL2,EDEM1,4.0
1629,TSPYL2,HSP90B1,6.0
1630,TSPYL2,CUL7,5.0
1631,TSPYL2,WIPI1,4.0
1632,TSPYL2,PLA2G4B,3.0
1633,TSPYL2,TLN1,4.0
1634,TSPYL2,KLHDC3,2.0
1635,TSPYL2,SEC31A,5.0
1636,TSPYL2,XBP1,5.0
1637,TSPYL2,HERPUD1,2.0
1638,TSPYL2,DCTN1,5.0
1639,TSPYL2,SRPRB,6.0
1640,TSPYL2,HSPA5,6.0
1641,TSPYL2,DDX11,5.0
1642,TSPYL2,TATDN2,3.0
1643,TSPYL2,SYVN1,3.0
1644,TSPYL2,DNAJB11,1.0
1645,TSPYL2,EXTL1,4.0
1646,TSPYL2,ATP6V0D1,1.0
1647,TSPYL2,HDGF,5.0
1648,TSPYL2,EXTL2,8.0
1649,TSPYL2,CTDSP2,3.0
1650,TSPYL2,DDIT3,6.0
1651,TSPYL2,SHC1,6.0
1652,TSPYL2,TSPYL2,0.0
1653,TSPYL2,TPP1,6.0
1654,TSPYL2,PDIA5,3.0
1655,TSPYL2,EXTL3,6.0
1656,TSPYL2,ARFGAP1,7.0
1657,TSPYL2,DNAJB9,2.0
1658,TSPYL2,SULT1A3,4.0
1659,TSPYL2,DNAJC3,2.0
1660,TSPYL2,SERP1,7.0
1661,TSPYL2,IGFBP1,2.0
1662,TSPYL2,YIF1A,6.0
1663,TSPYL2,ZBTB17,6.0
1664,TSPYL2,LMNA,6.0
1665,TSPYL2,WFS1,5.0
1666,TSPYL2,KDELR3,6.0
1667,TSPYL2,CXCL8,3.0
1668,TSPYL2,CALR,5.0
1669,TSPYL2,HYOU1,5.0
1670,TSPYL2,GSK3A,3.0
1671,TSPYL2,ASNS,6.0
1672,TSPYL2,PREB,5.0
1673,TSPYL2,SSR1,5.0
1674,TSPYL2,CXXC1,8.0
1675,TSPYL2,MYDGF,4.0
1676,TSPYL2,PPP2R5B,5.0
1677,TSPYL2,GOSR2,1.0
1678,TSPYL2,ATF4,5.0
1679,TSPYL2,GFPT1,4.0
1680,TSPYL2,PDIA6,4.0
1681,TSPYL2,ATF3,5.0
1682,TPP1,CCL2,4.0
1683,TPP1,FKBP14,4.0
1684,TPP1,ACADVL,4.0
1685,TPP1,ADD1,6.0
1686,TPP1,EDEM1,5.0
1687,TPP1,HSP90B1,3.0
1688,TPP1,CUL7,2.0
1689,TPP1,WIPI1,2.0
1690,TPP1,PLA2G4B,2.0
1691,TPP1,TLN1,3.0
1692,TPP1,KLHDC3,3.0
1693,TPP1,SEC31A,3.0
1694,TPP1,XBP1,8.0
1695,TPP1,HERPUD1,3.0
1696,TPP1,DCTN1,5.0
1697,TPP1,SRPRB,4.0
1698,TPP1,HSPA5,2.0
1699,TPP1,DDX11,4.0
1700,TPP1,TATDN2,5.0
1701,TPP1,SYVN1,3.0
1702,TPP1,DNAJB11,4.0
1703,TPP1,EXTL1,4.0
1704,TPP1,ATP6V0D1,4.0
1705,TPP1,HDGF,5.0
1706,TPP1,EXTL2,2.0
1707,TPP1,CTDSP2,3.0
1708,TPP1,DDIT3,2.0
1709,TPP1,SHC1,6.0
1710,TPP1,TSPYL2,6.0
1711,TPP1,TPP1,0.0
1712,TPP1,PDIA5,6.0
1713,TPP1,EXTL3,1.0
1714,TPP1,ARFGAP1,6.0
1715,TPP1,DNAJB9,5.0
1716,TPP1,SULT1A3,2.0
1717,TPP1,DNAJC3,2.0
1718,TPP1,SERP1,2.0
1719,TPP1,IGFBP1,1.0
1720,TPP1,YIF1A,3.0
1721,TPP1,ZBTB17,2.0
1722,TPP1,LMNA,5.0
1723,TPP1,WFS1,4.0
1724,TPP1,KDELR3,5.0
1725,TPP1,CXCL8,2.0
1726,TPP1,CALR,7.0
1727,TPP1,HYOU1,3.0
1728,TPP1,GSK3A,4.0
1729,TPP1,ASNS,3.0
1730,TPP1,PREB,2.0
1731,TPP1,SSR1,3.0
1732,TPP1,CXXC1,2.0
1733,TPP1,MYDGF,4.0
1734,TPP1,PPP2R5B,1.0
1735,TPP1,GOSR2,2.0
1736,TPP1,ATF4,1.0
1737,TPP1,GFPT1,3.0
1738,TPP1,PDIA6,3.0
1739,TPP1,ATF3,5.0
1740,PDIA5,CCL2,3.0
1741,PDIA5,FKBP14,5.0
1742,PDIA5,ACADVL,4.0
1743,PDIA5,ADD1,6.0
1744,PDIA5,EDEM1,1.0
1745,PDIA5,HSP90B1,7.0
1746,PDIA5,CUL7,4.0
1747,PDIA5,WIPI1,6.0
1748,PDIA5,PLA2G4B,4.0
1749,PDIA5,TLN1,4.0
1750,PDIA5,KLHDC3,6.0
1751,PDIA5,SEC31A,8.0
1752,PDIA5,XBP1,2.0
1753,PDIA5,HERPUD1,4.0
1754,PDIA5,DCTN1,1.0
1755,PDIA5,SRPRB,1.0
1756,PDIA5,HSPA5,9.0
1757,PDIA5,DDX11,4.0
1758,PDIA5,TATDN2,3.0
1759,PDIA5,SYVN1,5.0
1760,PDIA5,DNAJB11,4.0
1761,PDIA5,EXTL1,4.0
1762,PDIA5,ATP6V0D1,6.0
1763,PDIA5,HDGF,1.0
1764,PDIA5,EXTL2,10.0
1765,PDIA5,CTDSP2,4.0
1766,PDIA5,DDIT3,5.0
1767,PDIA5,SHC1,4.0
1768,PDIA5,TSPYL2,3.0
1769,PDIA5,TPP1,6.0
1770,PDIA5,PDIA5,0.0
1771,PDIA5,EXTL3,7.0
1772,PDIA5,ARFGAP1,5.0
1773,PDIA5,DNAJB9,3.0
1774,PDIA5,SULT1A3,1.0
1775,PDIA5,DNAJC3,6.0
1776,PDIA5,SERP1,5.0
1777,PDIA5,IGFBP1,4.0
1778,PDIA5,YIF1A,5.0
1779,PDIA5,ZBTB17,5.0
1780,PDIA5,LMNA,4.0
1781,PDIA5,WFS1,4.0
1782,PDIA5,KDELR3,4.0
1783,PDIA5,CXCL8,2.0
1784,PDIA5,CALR,3.0
1785,PDIA5,HYOU1,4.0
1786,PDIA5,GSK3A,1.0
1787,PDIA5,ASNS,4.0
1788,PDIA5,PREB,5.0
1789,PDIA5,SSR1,3.0
1790,PDIA5,CXXC1,4.0
1791,PDIA5,MYDGF,6.0
1792,PDIA5,PPP2R5B,4.0
1793,PDIA5,GOSR2,2.0
1794,PDIA5,ATF4,2.0
1795,PDIA5,GFPT1,4.0
1796,PDIA5,PDIA6,2.0
1797,PDIA5,ATF3,3.0
1798,EXTL3,CCL2,6.0
1799,EXTL3,FKBP14,7.0
1800,EXTL3,ACADVL,2.0
1801,EXTL3,ADD1,3.0
1802,EXTL3,EDEM1,6.0
1803,EXTL3,HSP90B1,7.0
1804,EXTL3,CUL7,9.0
1805,EXTL3,WIPI1,3.0
1806,EXTL3,PLA2G4B,2.0
1807,EXTL3,TLN1,4.0
1808,EXTL3,KLHDC3,7.0
1809,EXTL3,SEC31A,8.0
1810,EXTL3,XBP1,3.0
1811,EXTL3,HERPUD1,1.0
1812,EXTL3,DCTN1,5.0
1813,EXTL3,SRPRB,5.0
1814,EXTL3,HSPA5,7.0
1815,EXTL3,DDX11,4.0
1816,EXTL3,TATDN2,6.0
1817,EXTL3,SYVN1,3.0
1818,EXTL3,DNAJB11,3.0
1819,EXTL3,EXTL1,7.0
1820,EXTL3,ATP6V0D1,6.0
1821,EXTL3,HDGF,4.0
1822,EXTL3,EXTL2,5.0
1823,EXTL3,CTDSP2,9.0
1824,EXTL3,DDIT3,4.0
1825,EXTL3,SHC1,10.0
1826,EXTL3,TSPYL2,6.0
1827,EXTL3,TPP1,1.0
1828,EXTL3,PDIA5,7.0
1829,EXTL3,EXTL3,0.0
1830,EXTL3,ARFGAP1,2.0
1831,EXTL3,DNAJB9,0.0
1832,EXTL3,SULT1A3,2.0
1833,EXTL3,DNAJC3,8.0
1834,EXTL3,SERP1,6.0
1835,EXTL3,IGFBP1,2.0
1836,EXTL3,YIF1A,5.0
1837,EXTL3,ZBTB17,2.0
1838,EXTL3,LMNA,6.0
1839,EXTL3,WFS1,8.0
1840,EXTL3,KDELR3,6.0
1841,EXTL3,CXCL8,5.0
1842,EXTL3,CALR,6.0
1843,EXTL3,HYOU1,7.0
1844,EXTL3,GSK3A,3.0
1845,EXTL3,ASNS,2.0
1846,EXTL3,PREB,7.0
1847,EXTL3,SSR1,5.0
1848,EXTL3,CXXC1,3.0
1849,EXTL3,MYDGF,8.0
1850,EXTL3,PPP2R5B,8.0
1851,EXTL3,GOSR2,8.0
1852,EXTL3,ATF4,5.0
1853,EXTL3,GFPT1,7.0
1854,EXTL3,PDIA6,5.0
1855,EXTL3,ATF3,3.0
1856,ARFGAP1,CCL2,5.0
1857,ARFGAP1,FKBP14,3.0
1858,ARFGAP1,ACADVL,7.0
1859,ARFGAP1,ADD1,5.0
1860,ARFGAP1,EDEM1,3.0
1861,ARFGAP1,HSP90B1,4.0
1862,ARFGAP1,CUL7,4.0
1863,ARFGAP1,WIPI1,3.0
1864,ARFGAP1,PLA2G4B,4.0
1865,ARFGAP1,TLN1,9.0
1866,ARFGAP1,KLHDC3,4.0
1867,ARFGAP1,SEC31A,3.0
1868,ARFGAP1,XBP1,4.0
1869,ARFGAP1,HERPUD1,4.0
1870,ARFGAP1,DCTN1,4.0
1871,ARFGAP1,SRPRB,6.0
1872,ARFGAP1,HSPA5,3.0
1873,ARFGAP1,DDX11,6.0
1874,ARFGAP1,TATDN2,6.0
1875,ARFGAP1,SYVN1,4.0
1876,ARFGAP1,DNAJB11,3.0
1877,ARFGAP1,EXTL1,3.0
1878,ARFGAP1,ATP6V0D1,6.0
1879,ARFGAP1,HDGF,1.0
1880,ARFGAP1,EXTL2,6.0
1881,ARFGAP1,CTDSP2,2.0
1882,ARFGAP1,DDIT3,4.0
1883,ARFGAP1,SHC1,4.0
1884,ARFGAP1,TSPYL2,7.0
1885,ARFGAP1,TPP1,6.0
1886,ARFGAP1,PDIA5,5.0
1887,ARFGAP1,EXTL3,2.0
1888,ARFGAP1,ARFGAP1,0.0
1889,ARFGAP1,DNAJB9,3.0
1890,ARFGAP1,SULT1A3,6.0
1891,ARFGAP1,DNAJC3,6.0
1892,ARFGAP1,SERP1,3.0
1893,ARFGAP1,IGFBP1,1.0
1894,ARFGAP1,YIF1A,2.0
1895,ARFGAP1,ZBTB17,7.0
1896,ARFGAP1,LMNA,6.0
1897,ARFGAP1,WFS1,5.0
1898,ARFGAP1,KDELR3,2.0
1899,ARFGAP1,CXCL8,0.0
1900,ARFGAP1,CALR,3.0
1901,ARFGAP1,HYOU1,1.0
1902,ARFGAP1,GSK3A,2.0
1903,ARFGAP1,ASNS,5.0
1904,ARFGAP1,PREB,4.0
1905,ARFGAP1,SSR1,3.0
1906,ARFGAP1,CXXC1,9.0
1907,ARFGAP1,MYDGF,5.0
1908,ARFGAP1,PPP2R5B,1.0
1909,ARFGAP1,GOSR2,2.0
1910,ARFGAP1,ATF4,6.0
1911,ARFGAP1,GFPT1,5.0
1912,ARFGAP1,PDIA6,2.0
1913,ARFGAP1,ATF3,2.0
1914,DNAJB9,CCL2,3.0
1915,DNAJB9,FKBP14,5.0
1916,DNAJB9,ACADVL,3.0
1917,DNAJB9,ADD1,5.0
1918,DNAJB9,EDEM1,1.0
1919,DNAJB9,HSP90B1,7.0
1920,DNAJB9,CUL7,5.0
1921,DNAJB9,WIPI1,6.0
1922,DNAJB9,PLA2G4B,3.0
1923,DNAJB9,TLN1,5.0
1924,DNAJB9,KLHDC3,4.0
1925,DNAJB9,SEC31A,3.0
1926,DNAJB9,XBP1,3.0
1927,DNAJB9,HERPUD1,6.0
1928,DNAJB9,DCTN1,3.0
1929,DNAJB9,SRPRB,7.0
1930,DNAJB9,HSPA5,3.0
1931,DNAJB9,DDX11,2.0
1932,DNAJB9,TATDN2,2.0
1933,DNAJB9,SYVN1,4.0
1934,DNAJB9,DNAJB11,5.0
1935,DNAJB9,EXTL1,4.0
1936,DNAJB9,ATP6V0D1,2.0
1937,DNAJB9,HDGF,8.0
1938,DNAJB9,EXTL2,3.0
1939,DNAJB9,CTDSP2,2.0
1940,DNAJB9,DDIT3,1.0
1941,DNAJB9,SHC1,3.0
1942,DNAJB9,TSPYL2,2.0
1943,DNAJB9,TPP1,5.0
1944,DNAJB9,PDIA5,3.0
1945,DNAJB9,EXTL3,0.0
1946,DNAJB9,ARFGAP1,3.0
1947,DNAJB9,DNAJB9,0.0
1948,DNAJB9,SULT1A3,1.0
1949,DNAJB9,DNAJC3,8.0
1950,DNAJB9,SERP1,8.0
1951,DNAJB9,IGFBP1,4.0
1952,DNAJB9,YIF1A,3.0
1953,DNAJB9,ZBTB17,2.0
1954,DNAJB9,LMNA,5.0
1955,DNAJB9,WFS1,3.0
1956,DNAJB9,KDELR3,3.0
1957,DNAJB9,CXCL8,2.0
1958,DNAJB9,CALR,3.0
1959,DNAJB9,HYOU1,3.0
1960,DNAJB9,GSK3A,2.0
1961,DNAJB9,ASNS,7.0
1962,DNAJB9,PREB,3.0
1963,DNAJB9,SSR1,5.0
1964,DNAJB9,CXXC1,5.0
1965,DNAJB9,MYDGF,4.0
1966,DNAJB9,PPP2R5B,3.0
1967,DNAJB9,GOSR2,3.0
1968,DNAJB9,ATF4,2.0
1969,DNAJB9,GFPT1,6.0
1970,DNAJB9,PDIA6,7.0
1971,DNAJB9,ATF3,4.0
1972,SULT1A3,CCL2,4.0
1973,SULT1A3,FKBP14,1.0
1974,SULT1A3,ACADVL,7.0
1975,SULT1A3,ADD1,8.0
1976,SULT1A3,EDEM1,1.0
1977,SULT1A3,HSP90B1,1.0
1978,SULT1A3,CUL7,3.0
1979,SULT1A3,WIPI1,1.0
1980,SULT1A3,PLA2G4B,4.0
1981,SULT1A3,TLN1,4.0
1982,SULT1A3,KLHDC3,6.0
1983,SULT1A3,SEC31A,3.0
1984,SULT1A3,XBP1,2.0
1985,SULT1A3,HERPUD1,1.0
1986,SULT1A3,DCTN1,5.0
1987,SULT1A3,SRPRB,8.0
1988,SULT1A3,HSPA5,3.0
1989,SULT1A3,DDX11,4.0
1990,SULT1A3,TATDN2,4.0
1991,SULT1A3,SYVN1,3.0
1992,SULT1A3,DNAJB11,5.0
1993,SULT1A3,EXTL1,3.0
1994,SULT1A3,ATP6V0D1,3.0
1995,SULT1A3,HDGF,2.0
1996,SULT1A3,EXTL2,2.0
1997,SULT1A3,CTDSP2,1.0
1998,SULT1A3,DDIT3,1.0
1999,SULT1A3,SHC1,1.0
2000,SULT1A3,TSPYL2,4.0
2001,SULT1A3,TPP1,2.0
2002,SULT1A3,PDIA5,1.0
2003,SULT1A3,EXTL3,2.0
2004,SULT1A3,ARFGAP1,6.0
2005,SULT1A3,DNAJB9,1.0
2006,SULT1A3,SULT1A3,0.0
2007,SULT1A3,DNAJC3,3.0
2008,SULT1A3,SERP1,4.0
2009,SULT1A3,IGFBP1,3.0
2010,SULT1A3,YIF1A,2.0
2011,SULT1A3,ZBTB17,8.0
2012,SULT1A3,LMNA,3.0
2013,SULT1A3,WFS1,3.0
2014,SULT1A3,KDELR3,3.0
2015,SULT1A3,CXCL8,1.0
2016,SULT1A3,CALR,1.0
2017,SULT1A3,HYOU1,5.0
2018,SULT1A3,GSK3A,2.0
2019,SULT1A3,ASNS,6.0
2020,SULT1A3,PREB,5.0
2021,SULT1A3,SSR1,1.0
2022,SULT1A3,CXXC1,11.0
2023,SULT1A3,MYDGF,3.0
2024,SULT1A3,PPP2R5B,4.0
2025,SULT1A3,GOSR2,4.0
2026,SULT1A3,ATF4,8.0
2027,SULT1A3,GFPT1,5.0
2028,SULT1A3,PDIA6,3.0
2029,SULT1A3,ATF3,2.0
2030,DNAJC3,CCL2,5.0
2031,DNAJC3,FKBP14,8.0
2032,DNAJC3,ACADVL,3.0
2033,DNAJC3,ADD1,5.0
2034,DNAJC3,EDEM1,3.0
2035,DNAJC3,HSP90B1,6.0
2036,DNAJC3,CUL7,4.0
2037,DNAJC3,WIPI1,2.0
2038,DNAJC3,PLA2G4B,5.0
2039,DNAJC3,TLN1,5.0
2040,DNAJC3,KLHDC3,3.0
2041,DNAJC3,SEC31A,6.0
2042,DNAJC3,XBP1,3.0
2043,DNAJC3,HERPUD1,0.0
2044,DNAJC3,DCTN1,3.0
2045,DNAJC3,SRPRB,6.0
2046,DNAJC3,HSPA5,4.0
2047,DNAJC3,DDX11,3.0
2048,DNAJC3,TATDN2,4.0
2049,DNAJC3,SYVN1,5.0
2050,DNAJC3,DNAJB11,6.0
2051,DNAJC3,EXTL1,1.0
2052,DNAJC3,ATP6V0D1,4.0
2053,DNAJC3,HDGF,4.0
2054,DNAJC3,EXTL2,9.0
2055,DNAJC3,CTDSP2,7.0
2056,DNAJC3,DDIT3,0.0
2057,DNAJC3,SHC1,4.0
2058,DNAJC3,TSPYL2,2.0
2059,DNAJC3,TPP1,2.0
2060,DNAJC3,PDIA5,6.0
2061,DNAJC3,EXTL3,8.0
2062,DNAJC3,ARFGAP1,6.0
2063,DNAJC3,DNAJB9,8.0
2064,DNAJC3,SULT1A3,3.0
2065,DNAJC3,DNAJC3,0.0
2066,DNAJC3,SERP1,9.0
2067,DNAJC3,IGFBP1,1.0
2068,DNAJC3,YIF1A,4.0
2069,DNAJC3,ZBTB17,5.0
2070,DNAJC3,LMNA,3.0
2071,DNAJC3,WFS1,5.0
2072,DNAJC3,KDELR3,4.0
2073,DNAJC3,CXCL8,1.0
2074,DNAJC3,CALR,4.0
2075,DNAJC3,HYOU1,4.0
2076,DNAJC3,GSK3A,3.0
2077,DNAJC3,ASNS,6.0
2078,DNAJC3,PREB,4.0
2079,DNAJC3,SSR1,7.0
2080,DNAJC3,CXXC1,6.0
2081,DNAJC3,MYDGF,5.0
2082,DNAJC3,PPP2R5B,2.0
2083,DNAJC3,GOSR2,2.0
2084,DNAJC3,ATF4,1.0
2085,DNAJC3,GFPT1,6.0
2086,DNAJC3,PDIA6,7.0
2087,DNAJC3,ATF3,1.0
2088,SERP1,CCL2,4.0
2089,SERP1,FKBP14,9.0
2090,SERP1,ACADVL,3.0
2091,SERP1,ADD1,8.0
2092,SERP1,EDEM1,4.0
2093,SERP1,HSP90B1,6.0
2094,SERP1,CUL7,7.0
2095,SERP1,WIPI1,1.0
2096,SERP1,PLA2G4B,6.0
2097,SERP1,TLN1,5.0
2098,SERP1,KLHDC3,3.0
2099,SERP1,SEC31A,6.0
2100,SERP1,XBP1,6.0
2101,SERP1,HERPUD1,6.0
2102,SERP1,DCTN1,8.0
2103,SERP1,SRPRB,5.0
2104,SERP1,HSPA5,7.0
2105,SERP1,DDX11,3.0
2106,SERP1,TATDN2,6.0
2107,SERP1,SYVN1,4.0
2108,SERP1,DNAJB11,3.0
2109,SERP1,EXTL1,2.0
2110,SERP1,ATP6V0D1,4.0
2111,SERP1,HDGF,4.0
2112,SERP1,EXTL2,6.0
2113,SERP1,CTDSP2,5.0
2114,SERP1,DDIT3,6.0
2115,SERP1,SHC1,2.0
2116,SERP1,TSPYL2,7.0
2117,SERP1,TPP1,2.0
2118,SERP1,PDIA5,5.0
2119,SERP1,EXTL3,6.0
2120,SERP1,ARFGAP1,3.0
2121,SERP1,DNAJB9,8.0
2122,SERP1,SULT1A3,4.0
2123,SERP1,DNAJC3,9.0
2124,SERP1,SERP1,0.0
2125,SERP1,IGFBP1,4.0
2126,SERP1,YIF1A,6.0
2127,SERP1,ZBTB17,6.0
2128,SERP1,LMNA,5.0
2129,SERP1,WFS1,5.0
2130,SERP1,KDELR3,3.0
2131,SERP1,CXCL8,3.0
2132,SERP1,CALR,4.0
2133,SERP1,HYOU1,6.0
2134,SERP1,GSK3A,2.0
2135,SERP1,ASNS,3.0
2136,SERP1,PREB,6.0
2137,SERP1,SSR1,6.0
2138,SERP1,CXXC1,6.0
2139,SERP1,MYDGF,4.0
2140,SERP1,PPP2R5B,2.0
2141,SERP1,GOSR2,4.0
2142,SERP1,ATF4,4.0
2143,SERP1,GFPT1,5.0
2144,SERP1,PDIA6,8.0
2145,SERP1,ATF3,1.0
2146,IGFBP1,CCL2,4.0
2147,IGFBP1,FKBP14,0.0
2148,IGFBP1,ACADVL,5.0
2149,IGFBP1,ADD1,1.0
2150,IGFBP1,EDEM1,9.0
2151,IGFBP1,HSP90B1,2.0
2152,IGFBP1,CUL7,1.0
2153,IGFBP1,WIPI1,4.0
2154,IGFBP1,PLA2G4B,2.0
2155,IGFBP1,TLN1,4.0
2156,IGFBP1,KLHDC3,2.0
2157,IGFBP1,SEC31A,3.0
2158,IGFBP1,XBP1,4.0
2159,IGFBP1,HERPUD1,3.0
2160,IGFBP1,DCTN1,2.0
2161,IGFBP1,SRPRB,1.0
2162,IGFBP1,HSPA5,3.0
2163,IGFBP1,DDX11,2.0
2164,IGFBP1,TATDN2,1.0
2165,IGFBP1,SYVN1,2.0
2166,IGFBP1,DNAJB11,3.0
2167,IGFBP1,EXTL1,0.0
2168,IGFBP1,ATP6V0D1,2.0
2169,IGFBP1,HDGF,3.0
2170,IGFBP1,EXTL2,1.0
2171,IGFBP1,CTDSP2,3.0
2172,IGFBP1,DDIT3,1.0
2173,IGFBP1,SHC1,3.0
2174,IGFBP1,TSPYL2,2.0
2175,IGFBP1,TPP1,1.0
2176,IGFBP1,PDIA5,4.0
2177,IGFBP1,EXTL3,2.0
2178,IGFBP1,ARFGAP1,1.0
2179,IGFBP1,DNAJB9,4.0
2180,IGFBP1,SULT1A3,3.0
2181,IGFBP1,DNAJC3,1.0
2182,IGFBP1,SERP1,4.0
2183,IGFBP1,IGFBP1,0.0
2184,IGFBP1,YIF1A,4.0
2185,IGFBP1,ZBTB17,4.0
2186,IGFBP1,LMNA,2.0
2187,IGFBP1,WFS1,4.0
2188,IGFBP1,KDELR3,1.0
2189,IGFBP1,CXCL8,4.0
2190,IGFBP1,CALR,2.0
2191,IGFBP1,HYOU1,1.0
2192,IGFBP1,GSK3A,2.0
2193,IGFBP1,ASNS,2.0
2194,IGFBP1,PREB,0.0
2195,IGFBP1,SSR1,4.0
2196,IGFBP1,CXXC1,2.0
2197,IGFBP1,MYDGF,1.0
2198,IGFBP1,PPP2R5B,4.0
2199,IGFBP1,GOSR2,0.0
2200,IGFBP1,ATF4,3.0
2201,IGFBP1,GFPT1,2.0
2202,IGFBP1,PDIA6,1.0
2203,IGFBP1,ATF3,1.0
2204,YIF1A,CCL2,5.0
2205,YIF1A,FKBP14,5.0
2206,YIF1A,ACADVL,7.0
2207,YIF1A,ADD1,7.0
2208,YIF1A,EDEM1,5.0
2209,YIF1A,HSP90B1,3.0
2210,YIF1A,CUL7,4.0
2211,YIF1A,WIPI1,5.0
2212,YIF1A,PLA2G4B,2.0
2213,YIF1A,TLN1,5.0
2214,YIF1A,KLHDC3,8.0
2215,YIF1A,SEC31A,6.0
2216,YIF1A,XBP1,4.0
2217,YIF1A,HERPUD1,3.0
2218,YIF1A,DCTN1,6.0
2219,YIF1A,SRPRB,3.0
2220,YIF1A,HSPA5,5.0
2221,YIF1A,DDX11,6.0
2222,YIF1A,TATDN2,3.0
2223,YIF1A,SYVN1,8.0
2224,YIF1A,DNAJB11,3.0
2225,YIF1A,EXTL1,6.0
2226,YIF1A,ATP6V0D1,8.0
2227,YIF1A,HDGF,7.0
2228,YIF1A,EXTL2,4.0
2229,YIF1A,CTDSP2,5.0
2230,YIF1A,DDIT3,6.0
2231,YIF1A,SHC1,4.0
2232,YIF1A,TSPYL2,6.0
2233,YIF1A,TPP1,3.0
2234,YIF1A,PDIA5,5.0
2235,YIF1A,EXTL3,5.0
2236,YIF1A,ARFGAP1,2.0
2237,YIF1A,DNAJB9,3.0
2238,YIF1A,SULT1A3,2.0
2239,YIF1A,DNAJC3,4.0
2240,YIF1A,SERP1,6.0
2241,YIF1A,IGFBP1,4.0
2242,YIF1A,YIF1A,0.0
2243,YIF1A,ZBTB17,5.0
2244,YIF1A,LMNA,4.0
2245,YIF1A,WFS1,6.0
2246,YIF1A,KDELR3,4.0
2247,YIF1A,CXCL8,3.0
2248,YIF1A,CALR,6.0
2249,YIF1A,HYOU1,5.0
2250,YIF1A,GSK3A,6.0
2251,YIF1A,ASNS,3.0
2252,YIF1A,PREB,7.0
2253,YIF1A,SSR1,5.0
2254,YIF1A,CXXC1,5.0
2255,YIF1A,MYDGF,7.0
2256,YIF1A,PPP2R5B,5.0
2257,YIF1A,GOSR2,5.0
2258,YIF1A,ATF4,6.0
2259,YIF1A,GFPT1,6.0
2260,YIF1A,PDIA6,6.0
2261,YIF1A,ATF3,1.0
2262,ZBTB17,CCL2,1.0
2263,ZBTB17,FKBP14,3.0
2264,ZBTB17,ACADVL,6.0
2265,ZBTB17,ADD1,2.0
2266,ZBTB17,EDEM1,6.0
2267,ZBTB17,HSP90B1,6.0
2268,ZBTB17,CUL7,6.0
2269,ZBTB17,WIPI1,2.0
2270,ZBTB17,PLA2G4B,8.0
2271,ZBTB17,TLN1,6.0
2272,ZBTB17,KLHDC3,5.0
2273,ZBTB17,SEC31A,5.0
2274,ZBTB17,XBP1,4.0
2275,ZBTB17,HERPUD1,5.0
2276,ZBTB17,DCTN1,2.0
2277,ZBTB17,SRPRB,6.0
2278,ZBTB17,HSPA5,4.0
2279,ZBTB17,DDX11,5.0
2280,ZBTB17,TATDN2,4.0
2281,ZBTB17,SYVN1,6.0
2282,ZBTB17,DNAJB11,4.0
2283,ZBTB17,EXTL1,4.0
2284,ZBTB17,ATP6V0D1,3.0
2285,ZBTB17,HDGF,2.0
2286,ZBTB17,EXTL2,7.0
2287,ZBTB17,CTDSP2,3.0
2288,ZBTB17,DDIT3,6.0
2289,ZBTB17,SHC1,5.0
2290,ZBTB17,TSPYL2,6.0
2291,ZBTB17,TPP1,2.0
2292,ZBTB17,PDIA5,5.0
2293,ZBTB17,EXTL3,2.0
2294,ZBTB17,ARFGAP1,7.0
2295,ZBTB17,DNAJB9,2.0
2296,ZBTB17,SULT1A3,8.0
2297,ZBTB17,DNAJC3,5.0
2298,ZBTB17,SERP1,6.0
2299,ZBTB17,IGFBP1,4.0
2300,ZBTB17,YIF1A,5.0
2301,ZBTB17,ZBTB17,0.0
2302,ZBTB17,LMNA,8.0
2303,ZBTB17,WFS1,2.0
2304,ZBTB17,KDELR3,9.0
2305,ZBTB17,CXCL8,1.0
2306,ZBTB17,CALR,2.0
2307,ZBTB17,HYOU1,4.0
2308,ZBTB17,GSK3A,5.0
2309,ZBTB17,ASNS,7.0
2310,ZBTB17,PREB,5.0
2311,ZBTB17,SSR1,8.0
2312,ZBTB17,CXXC1,9.0
2313,ZBTB17,MYDGF,4.0
2314,ZBTB17,PPP2R5B,3.0
2315,ZBTB17,GOSR2,2.0
2316,ZBTB17,ATF4,6.0
2317,ZBTB17,GFPT1,8.0
2318,ZBTB17,PDIA6,4.0
2319,ZBTB17,ATF3,3.0
2320,LMNA,CCL2,4.0
2321,LMNA,FKBP14,5.0
2322,LMNA,ACADVL,4.0
2323,LMNA,ADD1,7.0
2324,LMNA,EDEM1,2.0
2325,LMNA,HSP90B1,7.0
2326,LMNA,CUL7,6.0
2327,LMNA,WIPI1,5.0
2328,LMNA,PLA2G4B,4.0
2329,LMNA,TLN1,4.0
2330,LMNA,KLHDC3,6.0
2331,LMNA,SEC31A,4.0
2332,LMNA,XBP1,2.0
2333,LMNA,HERPUD1,6.0
2334,LMNA,DCTN1,3.0
2335,LMNA,SRPRB,5.0
2336,LMNA,HSPA5,3.0
2337,LMNA,DDX11,3.0
2338,LMNA,TATDN2,6.0
2339,LMNA,SYVN1,4.0
2340,LMNA,DNAJB11,5.0
2341,LMNA,EXTL1,4.0
2342,LMNA,ATP6V0D1,4.0
2343,LMNA,HDGF,3.0
2344,LMNA,EXTL2,8.0
2345,LMNA,CTDSP2,2.0
2346,LMNA,DDIT3,8.0
2347,LMNA,SHC1,0.0
2348,LMNA,TSPYL2,6.0
2349,LMNA,TPP1,5.0
2350,LMNA,PDIA5,4.0
2351,LMNA,EXTL3,6.0
2352,LMNA,ARFGAP1,6.0
2353,LMNA,DNAJB9,5.0
2354,LMNA,SULT1A3,3.0
2355,LMNA,DNAJC3,3.0
2356,LMNA,SERP1,5.0
2357,LMNA,IGFBP1,2.0
2358,LMNA,YIF1A,4.0
2359,LMNA,ZBTB17,8.0
2360,LMNA,LMNA,0.0
2361,LMNA,WFS1,7.0
2362,LMNA,KDELR3,4.0
2363,LMNA,CXCL8,1.0
2364,LMNA,CALR,8.0
2365,LMNA,HYOU1,6.0
2366,LMNA,GSK3A,9.0
2367,LMNA,ASNS,6.0
2368,LMNA,PREB,6.0
2369,LMNA,SSR1,2.0
2370,LMNA,CXXC1,8.0
2371,LMNA,MYDGF,5.0
2372,LMNA,PPP2R5B,5.0
2373,LMNA,GOSR2,4.0
2374,LMNA,ATF4,6.0
2375,LMNA,GFPT1,1.0
2376,LMNA,PDIA6,8.0
2377,LMNA,ATF3,7.0
2378,WFS1,CCL2,3.0
2379,WFS1,FKBP14,5.0
2380,WFS1,ACADVL,5.0
2381,WFS1,ADD1,4.0
2382,WFS1,EDEM1,8.0
2383,WFS1,HSP90B1,7.0
2384,WFS1,CUL7,8.0
2385,WFS1,WIPI1,3.0
2386,WFS1,PLA2G4B,6.0
2387,WFS1,TLN1,7.0
2388,WFS1,KLHDC3,6.0
2389,WFS1,SEC31A,8.0
2390,WFS1,XBP1,9.0
2391,WFS1,HERPUD1,5.0
2392,WFS1,DCTN1,4.0
2393,WFS1,SRPRB,5.0
2394,WFS1,HSPA5,6.0
2395,WFS1,DDX11,3.0
2396,WFS1,TATDN2,4.0
2397,WFS1,SYVN1,4.0
2398,WFS1,DNAJB11,7.0
2399,WFS1,EXTL1,5.0
2400,WFS1,ATP6V0D1,2.0
2401,WFS1,HDGF,8.0
2402,WFS1,EXTL2,7.0
2403,WFS1,CTDSP2,5.0
2404,WFS1,DDIT3,6.0
2405,WFS1,SHC1,7.0
2406,WFS1,TSPYL2,5.0
2407,WFS1,TPP1,4.0
2408,WFS1,PDIA5,4.0
2409,WFS1,EXTL3,8.0
2410,WFS1,ARFGAP1,5.0
2411,WFS1,DNAJB9,3.0
2412,WFS1,SULT1A3,3.0
2413,WFS1,DNAJC3,5.0
2414,WFS1,SERP1,5.0
2415,WFS1,IGFBP1,4.0
2416,WFS1,YIF1A,6.0
2417,WFS1,ZBTB17,2.0
2418,WFS1,LMNA,7.0
2419,WFS1,WFS1,0.0
2420,WFS1,KDELR3,9.0
2421,WFS1,CXCL8,1.0
2422,WFS1,CALR,7.0
2423,WFS1,HYOU1,5.0
2424,WFS1,GSK3A,5.0
2425,WFS1,ASNS,3.0
2426,WFS1,PREB,6.0
2427,WFS1,SSR1,7.0
2428,WFS1,CXXC1,4.0
2429,WFS1,MYDGF,9.0
2430,WFS1,PPP2R5B,6.0
2431,WFS1,GOSR2,4.0
2432,WFS1,ATF4,4.0
2433,WFS1,GFPT1,3.0
2434,WFS1,PDIA6,11.0
2435,WFS1,ATF3,5.0
2436,KDELR3,CCL2,8.0
2437,KDELR3,FKBP14,3.0
2438,KDELR3,ACADVL,9.0
2439,KDELR3,ADD1,5.0
2440,KDELR3,EDEM1,7.0
2441,KDELR3,HSP90B1,7.0
2442,KDELR3,CUL7,1.0
2443,KDELR3,WIPI1,5.0
2444,KDELR3,PLA2G4B,5.0
2445,KDELR3,TLN1,8.0
2446,KDELR3,KLHDC3,7.0
2447,KDELR3,SEC31A,7.0
2448,KDELR3,XBP1,3.0
2449,KDELR3,HERPUD1,6.0
2450,KDELR3,DCTN1,6.0
2451,KDELR3,SRPRB,3.0
2452,KDELR3,HSPA5,5.0
2453,KDELR3,DDX11,3.0
2454,KDELR3,TATDN2,4.0
2455,KDELR3,SYVN1,6.0
2456,KDELR3,DNAJB11,4.0
2457,KDELR3,EXTL1,5.0
2458,KDELR3,ATP6V0D1,3.0
2459,KDELR3,HDGF,3.0
2460,KDELR3,EXTL2,4.0
2461,KDELR3,CTDSP2,3.0
2462,KDELR3,DDIT3,1.0
2463,KDELR3,SHC1,7.0
2464,KDELR3,TSPYL2,6.0
2465,KDELR3,TPP1,5.0
2466,KDELR3,PDIA5,4.0
2467,KDELR3,EXTL3,6.0
2468,KDELR3,ARFGAP1,2.0
2469,KDELR3,DNAJB9,3.0
2470,KDELR3,SULT1A3,3.0
2471,KDELR3,DNAJC3,4.0
2472,KDELR3,SERP1,3.0
2473,KDELR3,IGFBP1,1.0
2474,KDELR3,YIF1A,4.0
2475,KDELR3,ZBTB17,9.0
2476,KDELR3,LMNA,4.0
2477,KDELR3,WFS1,9.0
2478,KDELR3,KDELR3,0.0
2479,KDELR3,CXCL8,1.0
2480,KDELR3,CALR,5.0
2481,KDELR3,HYOU1,3.0
2482,KDELR3,GSK3A,4.0
2483,KDELR3,ASNS,5.0
2484,KDELR3,PREB,4.0
2485,KDELR3,SSR1,4.0
2486,KDELR3,CXXC1,4.0
2487,KDELR3,MYDGF,4.0
2488,KDELR3,PPP2R5B,4.0
2489,KDELR3,GOSR2,6.0
2490,KDELR3,ATF4,5.0
2491,KDELR3,GFPT1,1.0
2492,KDELR3,PDIA6,6.0
2493,KDELR3,ATF3,4.0
2494,CXCL8,CCL2,3.0
2495,CXCL8,FKBP14,5.0
2496,CXCL8,ACADVL,3.0
2497,CXCL8,ADD1,5.0
2498,CXCL8,EDEM1,4.0
2499,CXCL8,HSP90B1,4.0
2500,CXCL8,CUL7,2.0
2501,CXCL8,WIPI1,2.0
2502,CXCL8,PLA2G4B,0.0
2503,CXCL8,TLN1,2.0
2504,CXCL8,KLHDC3,4.0
2505,CXCL8,SEC31A,2.0
2506,CXCL8,XBP1,5.0
2507,CXCL8,HERPUD1,5.0
2508,CXCL8,DCTN1,2.0
2509,CXCL8,SRPRB,3.0
2510,CXCL8,HSPA5,2.0
2511,CXCL8,DDX11,3.0
2512,CXCL8,TATDN2,5.0
2513,CXCL8,SYVN1,4.0
2514,CXCL8,DNAJB11,4.0
2515,CXCL8,EXTL1,4.0
2516,CXCL8,ATP6V0D1,1.0
2517,CXCL8,HDGF,4.0
2518,CXCL8,EXTL2,2.0
2519,CXCL8,CTDSP2,2.0
2520,CXCL8,DDIT3,3.0
2521,CXCL8,SHC1,5.0
2522,CXCL8,TSPYL2,3.0
2523,CXCL8,TPP1,2.0
2524,CXCL8,PDIA5,2.0
2525,CXCL8,EXTL3,5.0
2526,CXCL8,ARFGAP1,0.0
2527,CXCL8,DNAJB9,2.0
2528,CXCL8,SULT1A3,1.0
2529,CXCL8,DNAJC3,1.0
2530,CXCL8,SERP1,3.0
2531,CXCL8,IGFBP1,4.0
2532,CXCL8,YIF1A,3.0
2533,CXCL8,ZBTB17,1.0
2534,CXCL8,LMNA,1.0
2535,CXCL8,WFS1,1.0
2536,CXCL8,KDELR3,1.0
2537,CXCL8,CXCL8,0.0
2538,CXCL8,CALR,3.0
2539,CXCL8,HYOU1,3.0
2540,CXCL8,GSK3A,2.0
2541,CXCL8,ASNS,4.0
2542,CXCL8,PREB,4.0
2543,CXCL8,SSR1,2.0
2544,CXCL8,CXXC1,1.0
2545,CXCL8,MYDGF,8.0
2546,CXCL8,PPP2R5B,2.0
2547,CXCL8,GOSR2,2.0
2548,CXCL8,ATF4,4.0
2549,CXCL8,GFPT1,4.0
2550,CXCL8,PDIA6,3.0
2551,CXCL8,ATF3,5.0
2552,CALR,CCL2,1.0
2553,CALR,FKBP14,6.0
2554,CALR,ACADVL,2.0
2555,CALR,ADD1,5.0
2556,CALR,EDEM1,2.0
2557,CALR,HSP90B1,4.0
2558,CALR,CUL7,6.0
2559,CALR,WIPI1,6.0
2560,CALR,PLA2G4B,4.0
2561,CALR,TLN1,7.0
2562,CALR,KLHDC3,3.0
2563,CALR,SEC31A,5.0
2564,CALR,XBP1,5.0
2565,CALR,HERPUD1,6.0
2566,CALR,DCTN1,1.0
2567,CALR,SRPRB,3.0
2568,CALR,HSPA5,7.0
2569,CALR,DDX11,5.0
2570,CALR,TATDN2,7.0
2571,CALR,SYVN1,4.0
2572,CALR,DNAJB11,3.0
2573,CALR,EXTL1,3.0
2574,CALR,ATP6V0D1,6.0
2575,CALR,HDGF,9.0
2576,CALR,EXTL2,4.0
2577,CALR,CTDSP2,6.0
2578,CALR,DDIT3,3.0
2579,CALR,SHC1,6.0
2580,CALR,TSPYL2,5.0
2581,CALR,TPP1,7.0
2582,CALR,PDIA5,3.0
2583,CALR,EXTL3,6.0
2584,CALR,ARFGAP1,3.0
2585,CALR,DNAJB9,3.0
2586,CALR,SULT1A3,1.0
2587,CALR,DNAJC3,4.0
2588,CALR,SERP1,4.0
2589,CALR,IGFBP1,2.0
2590,CALR,YIF1A,6.0
2591,CALR,ZBTB17,2.0
2592,CALR,LMNA,8.0
2593,CALR,WFS1,7.0
2594,CALR,KDELR3,5.0
2595,CALR,CXCL8,3.0
2596,CALR,CALR,0.0
2597,CALR,HYOU1,5.0
2598,CALR,GSK3A,4.0
2599,CALR,ASNS,2.0
2600,CALR,PREB,7.0
2601,CALR,SSR1,4.0
2602,CALR,CXXC1,3.0
2603,CALR,MYDGF,5.0
2604,CALR,PPP2R5B,5.0
2605,CALR,GOSR2,5.0
2606,CALR,ATF4,5.0
2607,CALR,GFPT1,2.0
2608,CALR,PDIA6,5.0
2609,CALR,ATF3,2.0
2610,HYOU1,CCL2,5.0
2611,HYOU1,FKBP14,7.0
2612,HYOU1,ACADVL,4.0
2613,HYOU1,ADD1,4.0
2614,HYOU1,EDEM1,3.0
2615,HYOU1,HSP90B1,5.0
2616,HYOU1,CUL7,4.0
2617,HYOU1,WIPI1,4.0
2618,HYOU1,PLA2G4B,3.0
2619,HYOU1,TLN1,9.0
2620,HYOU1,KLHDC3,4.0
2621,HYOU1,SEC31A,4.0
2622,HYOU1,XBP1,6.0
2623,HYOU1,HERPUD1,4.0
2624,HYOU1,DCTN1,5.0
2625,HYOU1,SRPRB,3.0
2626,HYOU1,HSPA5,6.0
2627,HYOU1,DDX11,3.0
2628,HYOU1,TATDN2,4.0
2629,HYOU1,SYVN1,4.0
2630,HYOU1,DNAJB11,10.0
2631,HYOU1,EXTL1,5.0
2632,HYOU1,ATP6V0D1,5.0
2633,HYOU1,HDGF,4.0
2634,HYOU1,EXTL2,5.0
2635,HYOU1,CTDSP2,5.0
2636,HYOU1,DDIT3,0.0
2637,HYOU1,SHC1,5.0
2638,HYOU1,TSPYL2,5.0
2639,HYOU1,TPP1,3.0
2640,HYOU1,PDIA5,4.0
2641,HYOU1,EXTL3,7.0
2642,HYOU1,ARFGAP1,1.0
2643,HYOU1,DNAJB9,3.0
2644,HYOU1,SULT1A3,5.0
2645,HYOU1,DNAJC3,4.0
2646,HYOU1,SERP1,6.0
2647,HYOU1,IGFBP1,1.0
2648,HYOU1,YIF1A,5.0
2649,HYOU1,ZBTB17,4.0
2650,HYOU1,LMNA,6.0
2651,HYOU1,WFS1,5.0
2652,HYOU1,KDELR3,3.0
2653,HYOU1,CXCL8,3.0
2654,HYOU1,CALR,5.0
2655,HYOU1,HYOU1,0.0
2656,HYOU1,GSK3A,5.0
2657,HYOU1,ASNS,4.0
2658,HYOU1,PREB,3.0
2659,HYOU1,SSR1,2.0
2660,HYOU1,CXXC1,3.0
2661,HYOU1,MYDGF,4.0
2662,HYOU1,PPP2R5B,6.0
2663,HYOU1,GOSR2,3.0
2664,HYOU1,ATF4,5.0
2665,HYOU1,GFPT1,3.0
2666,HYOU1,PDIA6,5.0
2667,HYOU1,ATF3,3.0
2668,GSK3A,CCL2,5.0
2669,GSK3A,FKBP14,4.0
2670,GSK3A,ACADVL,5.0
2671,GSK3A,ADD1,4.0
2672,GSK3A,EDEM1,6.0
2673,GSK3A,HSP90B1,3.0
2674,GSK3A,CUL7,4.0
2675,GSK3A,WIPI1,4.0
2676,GSK3A,PLA2G4B,1.0
2677,GSK3A,TLN1,4.0
2678,GSK3A,KLHDC3,6.0
2679,GSK3A,SEC31A,4.0
2680,GSK3A,XBP1,3.0
2681,GSK3A,HERPUD1,0.0
2682,GSK3A,DCTN1,8.0
2683,GSK3A,SRPRB,1.0
2684,GSK3A,HSPA5,2.0
2685,GSK3A,DDX11,4.0
2686,GSK3A,TATDN2,3.0
2687,GSK3A,SYVN1,2.0
2688,GSK3A,DNAJB11,4.0
2689,GSK3A,EXTL1,5.0
2690,GSK3A,ATP6V0D1,6.0
2691,GSK3A,HDGF,4.0
2692,GSK3A,EXTL2,6.0
2693,GSK3A,CTDSP2,2.0
2694,GSK3A,DDIT3,9.0
2695,GSK3A,SHC1,2.0
2696,GSK3A,TSPYL2,3.0
2697,GSK3A,TPP1,4.0
2698,GSK3A,PDIA5,1.0
2699,GSK3A,EXTL3,3.0
2700,GSK3A,ARFGAP1,2.0
2701,GSK3A,DNAJB9,2.0
2702,GSK3A,SULT1A3,2.0
2703,GSK3A,DNAJC3,3.0
2704,GSK3A,SERP1,2.0
2705,GSK3A,IGFBP1,2.0
2706,GSK3A,YIF1A,6.0
2707,GSK3A,ZBTB17,5.0
2708,GSK3A,LMNA,9.0
2709,GSK3A,WFS1,5.0
2710,GSK3A,KDELR3,4.0
2711,GSK3A,CXCL8,2.0
2712,GSK3A,CALR,4.0
2713,GSK3A,HYOU1,5.0
2714,GSK3A,GSK3A,0.0
2715,GSK3A,ASNS,4.0
2716,GSK3A,PREB,4.0
2717,GSK3A,SSR1,2.0
2718,GSK3A,CXXC1,7.0
2719,GSK3A,MYDGF,5.0
2720,GSK3A,PPP2R5B,9.0
2721,GSK3A,GOSR2,4.0
2722,GSK3A,ATF4,6.0
2723,GSK3A,GFPT1,2.0
2724,GSK3A,PDIA6,3.0
2725,GSK3A,ATF3,2.0
2726,ASNS,CCL2,5.0
2727,ASNS,FKBP14,2.0
2728,ASNS,ACADVL,3.0
2729,ASNS,ADD1,4.0
2730,ASNS,EDEM1,6.0
2731,ASNS,HSP90B1,4.0
2732,ASNS,CUL7,2.0
2733,ASNS,WIPI1,7.0
2734,ASNS,PLA2G4B,4.0
2735,ASNS,TLN1,3.0
2736,ASNS,KLHDC3,4.0
2737,ASNS,SEC31A,5.0
2738,ASNS,XBP1,11.0
2739,ASNS,HERPUD1,3.0
2740,ASNS,DCTN1,4.0
2741,ASNS,SRPRB,2.0
2742,ASNS,HSPA5,4.0
2743,ASNS,DDX11,2.0
2744,ASNS,TATDN2,4.0
2745,ASNS,SYVN1,5.0
2746,ASNS,DNAJB11,3.0
2747,ASNS,EXTL1,2.0
2748,ASNS,ATP6V0D1,7.0
2749,ASNS,HDGF,2.0
2750,ASNS,EXTL2,3.0
2751,ASNS,CTDSP2,3.0
2752,ASNS,DDIT3,3.0
2753,ASNS,SHC1,2.0
2754,ASNS,TSPYL2,6.0
2755,ASNS,TPP1,3.0
2756,ASNS,PDIA5,4.0
2757,ASNS,EXTL3,2.0
2758,ASNS,ARFGAP1,5.0
2759,ASNS,DNAJB9,7.0
2760,ASNS,SULT1A3,6.0
2761,ASNS,DNAJC3,6.0
2762,ASNS,SERP1,3.0
2763,ASNS,IGFBP1,2.0
2764,ASNS,YIF1A,3.0
2765,ASNS,ZBTB17,7.0
2766,ASNS,LMNA,6.0
2767,ASNS,WFS1,3.0
2768,ASNS,KDELR3,5.0
2769,ASNS,CXCL8,4.0
2770,ASNS,CALR,2.0
2771,ASNS,HYOU1,4.0
2772,ASNS,GSK3A,4.0
2773,ASNS,ASNS,0.0
2774,ASNS,PREB,6.0
2775,ASNS,SSR1,5.0
2776,ASNS,CXXC1,5.0
2777,ASNS,MYDGF,2.0
2778,ASNS,PPP2R5B,4.0
2779,ASNS,GOSR2,2.0
2780,ASNS,ATF4,4.0
2781,ASNS,GFPT1,2.0
2782,ASNS,PDIA6,5.0
2783,ASNS,ATF3,6.0
2784,PREB,CCL2,3.0
2785,PREB,FKBP14,3.0
2786,PREB,ACADVL,3.0
2787,PREB,ADD1,7.0
2788,PREB,EDEM1,6.0
2789,PREB,HSP90B1,4.0
2790,PREB,CUL7,5.0
2791,PREB,WIPI1,3.0
2792,PREB,PLA2G4B,3.0
2793,PREB,TLN1,5.0
2794,PREB,KLHDC3,6.0
2795,PREB,SEC31A,3.0
2796,PREB,XBP1,5.0
2797,PREB,HERPUD1,1.0
2798,PREB,DCTN1,2.0
2799,PREB,SRPRB,5.0
2800,PREB,HSPA5,3.0
2801,PREB,DDX11,5.0
2802,PREB,TATDN2,6.0
2803,PREB,SYVN1,3.0
2804,PREB,DNAJB11,5.0
2805,PREB,EXTL1,1.0
2806,PREB,ATP6V0D1,5.0
2807,PREB,HDGF,3.0
2808,PREB,EXTL2,3.0
2809,PREB,CTDSP2,1.0
2810,PREB,DDIT3,5.0
2811,PREB,SHC1,5.0
2812,PREB,TSPYL2,5.0
2813,PREB,TPP1,2.0
2814,PREB,PDIA5,5.0
2815,PREB,EXTL3,7.0
2816,PREB,ARFGAP1,4.0
2817,PREB,DNAJB9,3.0
2818,PREB,SULT1A3,5.0
2819,PREB,DNAJC3,4.0
2820,PREB,SERP1,6.0
2821,PREB,IGFBP1,0.0
2822,PREB,YIF1A,7.0
2823,PREB,ZBTB17,5.0
2824,PREB,LMNA,6.0
2825,PREB,WFS1,6.0
2826,PREB,KDELR3,4.0
2827,PREB,CXCL8,4.0
2828,PREB,CALR,7.0
2829,PREB,HYOU1,3.0
2830,PREB,GSK3A,4.0
2831,PREB,ASNS,6.0
2832,PREB,PREB,0.0
2833,PREB,SSR1,3.0
2834,PREB,CXXC1,4.0
2835,PREB,MYDGF,7.0
2836,PREB,PPP2R5B,8.0
2837,PREB,GOSR2,1.0
2838,PREB,ATF4,5.0
2839,PREB,GFPT1,4.0
2840,PREB,PDIA6,7.0
2841,PREB,ATF3,2.0
2842,SSR1,CCL2,4.0
2843,SSR1,FKBP14,7.0
2844,SSR1,ACADVL,4.0
2845,SSR1,ADD1,6.0
2846,SSR1,EDEM1,5.0
2847,SSR1,HSP90B1,2.0
2848,SSR1,CUL7,3.0
2849,SSR1,WIPI1,2.0
2850,SSR1,PLA2G4B,3.0
2851,SSR1,TLN1,2.0
2852,SSR1,KLHDC3,3.0
2853,SSR1,SEC31A,5.0
2854,SSR1,XBP1,3.0
2855,SSR1,HERPUD1,3.0
2856,SSR1,DCTN1,7.0
2857,SSR1,SRPRB,11.0
2858,SSR1,HSPA5,6.0
2859,SSR1,DDX11,4.0
2860,SSR1,TATDN2,6.0
2861,SSR1,SYVN1,3.0
2862,SSR1,DNAJB11,6.0
2863,SSR1,EXTL1,1.0
2864,SSR1,ATP6V0D1,3.0
2865,SSR1,HDGF,3.0
2866,SSR1,EXTL2,5.0
2867,SSR1,CTDSP2,6.0
2868,SSR1,DDIT3,3.0
2869,SSR1,SHC1,6.0
2870,SSR1,TSPYL2,5.0
2871,SSR1,TPP1,3.0
2872,SSR1,PDIA5,3.0
2873,SSR1,EXTL3,5.0
2874,SSR1,ARFGAP1,3.0
2875,SSR1,DNAJB9,5.0
2876,SSR1,SULT1A3,1.0
2877,SSR1,DNAJC3,7.0
2878,SSR1,SERP1,6.0
2879,SSR1,IGFBP1,4.0
2880,SSR1,YIF1A,5.0
2881,SSR1,ZBTB17,8.0
2882,SSR1,LMNA,2.0
2883,SSR1,WFS1,7.0
2884,SSR1,KDELR3,4.0
2885,SSR1,CXCL8,2.0
2886,SSR1,CALR,4.0
2887,SSR1,HYOU1,2.0
2888,SSR1,GSK3A,2.0
2889,SSR1,ASNS,5.0
2890,SSR1,PREB,3.0
2891,SSR1,SSR1,0.0
2892,SSR1,CXXC1,8.0
2893,SSR1,MYDGF,8.0
2894,SSR1,PPP2R5B,5.0
2895,SSR1,GOSR2,6.0
2896,SSR1,ATF4,0.0
2897,SSR1,GFPT1,6.0
2898,SSR1,PDIA6,4.0
2899,SSR1,ATF3,2.0
2900,CXXC1,CCL2,7.0
2901,CXXC1,FKBP14,3.0
2902,CXXC1,ACADVL,11.0
2903,CXXC1,ADD1,5.0
2904,CXXC1,EDEM1,5.0
2905,CXXC1,HSP90B1,2.0
2906,CXXC1,CUL7,7.0
2907,CXXC1,WIPI1,4.0
2908,CXXC1,PLA2G4B,8.0
2909,CXXC1,TLN1,6.0
2910,CXXC1,KLHDC3,5.0
2911,CXXC1,SEC31A,7.0
2912,CXXC1,XBP1,5.0
2913,CXXC1,HERPUD1,1.0
2914,CXXC1,DCTN1,4.0
2915,CXXC1,SRPRB,3.0
2916,CXXC1,HSPA5,2.0
2917,CXXC1,DDX11,9.0
2918,CXXC1,TATDN2,4.0
2919,CXXC1,SYVN1,7.0
2920,CXXC1,DNAJB11,5.0
2921,CXXC1,EXTL1,8.0
2922,CXXC1,ATP6V0D1,3.0
2923,CXXC1,HDGF,5.0
2924,CXXC1,EXTL2,7.0
2925,CXXC1,CTDSP2,5.0
2926,CXXC1,DDIT3,6.0
2927,CXXC1,SHC1,4.0
2928,CXXC1,TSPYL2,8.0
2929,CXXC1,TPP1,2.0
2930,CXXC1,PDIA5,4.0
2931,CXXC1,EXTL3,3.0
2932,CXXC1,ARFGAP1,9.0
2933,CXXC1,DNAJB9,5.0
2934,CXXC1,SULT1A3,11.0
2935,CXXC1,DNAJC3,6.0
2936,CXXC1,SERP1,6.0
2937,CXXC1,IGFBP1,2.0
2938,CXXC1,YIF1A,5.0
2939,CXXC1,ZBTB17,9.0
2940,CXXC1,LMNA,8.0
2941,CXXC1,WFS1,4.0
2942,CXXC1,KDELR3,4.0
2943,CXXC1,CXCL8,1.0
2944,CXXC1,CALR,3.0
2945,CXXC1,HYOU1,3.0
2946,CXXC1,GSK3A,7.0
2947,CXXC1,ASNS,5.0
2948,CXXC1,PREB,4.0
2949,CXXC1,SSR1,8.0
2950,CXXC1,CXXC1,0.0
2951,CXXC1,MYDGF,6.0
2952,CXXC1,PPP2R5B,4.0
2953,CXXC1,GOSR2,3.0
2954,CXXC1,ATF4,7.0
2955,CXXC1,GFPT1,6.0
2956,CXXC1,PDIA6,2.0
2957,CXXC1,ATF3,2.0
2958,MYDGF,CCL2,4.0
2959,MYDGF,FKBP14,5.0
2960,MYDGF,ACADVL,2.0
2961,MYDGF,ADD1,4.0
2962,MYDGF,EDEM1,5.0
2963,MYDGF,HSP90B1,7.0
2964,MYDGF,CUL7,8.0
2965,MYDGF,WIPI1,4.0
2966,MYDGF,PLA2G4B,2.0
2967,MYDGF,TLN1,6.0
2968,MYDGF,KLHDC3,4.0
2969,MYDGF,SEC31A,5.0
2970,MYDGF,XBP1,6.0
2971,MYDGF,HERPUD1,6.0
2972,MYDGF,DCTN1,4.0
2973,MYDGF,SRPRB,3.0
2974,MYDGF,HSPA5,8.0
2975,MYDGF,DDX11,7.0
2976,MYDGF,TATDN2,2.0
2977,MYDGF,SYVN1,4.0
2978,MYDGF,DNAJB11,6.0
2979,MYDGF,EXTL1,3.0
2980,MYDGF,ATP6V0D1,3.0
2981,MYDGF,HDGF,12.0
2982,MYDGF,EXTL2,3.0
2983,MYDGF,CTDSP2,8.0
2984,MYDGF,DDIT3,7.0
2985,MYDGF,SHC1,6.0
2986,MYDGF,TSPYL2,4.0
2987,MYDGF,TPP1,4.0
2988,MYDGF,PDIA5,6.0
2989,MYDGF,EXTL3,8.0
2990,MYDGF,ARFGAP1,5.0
2991,MYDGF,DNAJB9,4.0
2992,MYDGF,SULT1A3,3.0
2993,MYDGF,DNAJC3,5.0
2994,MYDGF,SERP1,4.0
2995,MYDGF,IGFBP1,1.0
2996,MYDGF,YIF1A,7.0
2997,MYDGF,ZBTB17,4.0
2998,MYDGF,LMNA,5.0
2999,MYDGF,WFS1,9.0
3000,MYDGF,KDELR3,4.0
3001,MYDGF,CXCL8,8.0
3002,MYDGF,CALR,5.0
3003,MYDGF,HYOU1,4.0
3004,MYDGF,GSK3A,5.0
3005,MYDGF,ASNS,2.0
3006,MYDGF,PREB,7.0
3007,MYDGF,SSR1,8.0
3008,MYDGF,CXXC1,6.0
3009,MYDGF,MYDGF,0.0
3010,MYDGF,PPP2R5B,3.0
3011,MYDGF,GOSR2,5.0
3012,MYDGF,ATF4,4.0
3013,MYDGF,GFPT1,2.0
3014,MYDGF,PDIA6,9.0
3015,MYDGF,ATF3,3.0
3016,PPP2R5B,CCL2,4.0
3017,PPP2R5B,FKBP14,4.0
3018,PPP2R5B,ACADVL,2.0
3019,PPP2R5B,ADD1,3.0
3020,PPP2R5B,EDEM1,3.0
3021,PPP2R5B,HSP90B1,3.0
3022,PPP2R5B,CUL7,5.0
3023,PPP2R5B,WIPI1,4.0
3024,PPP2R5B,PLA2G4B,2.0
3025,PPP2R5B,TLN1,3.0
3026,PPP2R5B,KLHDC3,7.0
3027,PPP2R5B,SEC31A,1.0
3028,PPP2R5B,XBP1,5.0
3029,PPP2R5B,HERPUD1,0.0
3030,PPP2R5B,DCTN1,5.0
3031,PPP2R5B,SRPRB,4.0
3032,PPP2R5B,HSPA5,3.0
3033,PPP2R5B,DDX11,7.0
3034,PPP2R5B,TATDN2,5.0
3035,PPP2R5B,SYVN1,4.0
3036,PPP2R5B,DNAJB11,7.0
3037,PPP2R5B,EXTL1,5.0
3038,PPP2R5B,ATP6V0D1,5.0
3039,PPP2R5B,HDGF,6.0
3040,PPP2R5B,EXTL2,6.0
3041,PPP2R5B,CTDSP2,3.0
3042,PPP2R5B,DDIT3,4.0
3043,PPP2R5B,SHC1,5.0
3044,PPP2R5B,TSPYL2,5.0
3045,PPP2R5B,TPP1,1.0
3046,PPP2R5B,PDIA5,4.0
3047,PPP2R5B,EXTL3,8.0
3048,PPP2R5B,ARFGAP1,1.0
3049,PPP2R5B,DNAJB9,3.0
3050,PPP2R5B,SULT1A3,4.0
3051,PPP2R5B,DNAJC3,2.0
3052,PPP2R5B,SERP1,2.0
3053,PPP2R5B,IGFBP1,4.0
3054,PPP2R5B,YIF1A,5.0
3055,PPP2R5B,ZBTB17,3.0
3056,PPP2R5B,LMNA,5.0
3057,PPP2R5B,WFS1,6.0
3058,PPP2R5B,KDELR3,4.0
3059,PPP2R5B,CXCL8,2.0
3060,PPP2R5B,CALR,5.0
3061,PPP2R5B,HYOU1,6.0
3062,PPP2R5B,GSK3A,9.0
3063,PPP2R5B,ASNS,4.0
3064,PPP2R5B,PREB,8.0
3065,PPP2R5B,SSR1,5.0
3066,PPP2R5B,CXXC1,4.0
3067,PPP2R5B,MYDGF,3.0
3068,PPP2R5B,PPP2R5B,0.0
3069,PPP2R5B,GOSR2,2.0
3070,PPP2R5B,ATF4,5.0
3071,PPP2R5B,GFPT1,2.0
3072,PPP2R5B,PDIA6,7.0
3073,PPP2R5B,ATF3,4.0
3074,GOSR2,CCL2,3.0
3075,GOSR2,FKBP14,9.0
3076,GOSR2,ACADVL,3.0
3077,GOSR2,ADD1,4.0
3078,GOSR2,EDEM1,9.0
3079,GOSR2,HSP90B1,3.0
3080,GOSR2,CUL7,3.0
3081,GOSR2,WIPI1,5.0
3082,GOSR2,PLA2G4B,1.0
3083,GOSR2,TLN1,2.0
3084,GOSR2,KLHDC3,3.0
3085,GOSR2,SEC31A,4.0
3086,GOSR2,XBP1,3.0
3087,GOSR2,HERPUD1,4.0
3088,GOSR2,DCTN1,6.0
3089,GOSR2,SRPRB,5.0
3090,GOSR2,HSPA5,2.0
3091,GOSR2,DDX11,2.0
3092,GOSR2,TATDN2,5.0
3093,GOSR2,SYVN1,3.0
3094,GOSR2,DNAJB11,5.0
3095,GOSR2,EXTL1,2.0
3096,GOSR2,ATP6V0D1,6.0
3097,GOSR2,HDGF,5.0
3098,GOSR2,EXTL2,3.0
3099,GOSR2,CTDSP2,2.0
3100,GOSR2,DDIT3,2.0
3101,GOSR2,SHC1,9.0
3102,GOSR2,TSPYL2,1.0
3103,GOSR2,TPP1,2.0
3104,GOSR2,PDIA5,2.0
3105,GOSR2,EXTL3,8.0
3106,GOSR2,ARFGAP1,2.0
3107,GOSR2,DNAJB9,3.0
3108,GOSR2,SULT1A3,4.0
3109,GOSR2,DNAJC3,2.0
3110,GOSR2,SERP1,4.0
3111,GOSR2,IGFBP1,0.0
3112,GOSR2,YIF1A,5.0
3113,GOSR2,ZBTB17,2.0
3114,GOSR2,LMNA,4.0
3115,GOSR2,WFS1,4.0
3116,GOSR2,KDELR3,6.0
3117,GOSR2,CXCL8,2.0
3118,GOSR2,CALR,5.0
3119,GOSR2,HYOU1,3.0
3120,GOSR2,GSK3A,4.0
3121,GOSR2,ASNS,2.0
3122,GOSR2,PREB,1.0
3123,GOSR2,SSR1,6.0
3124,GOSR2,CXXC1,3.0
3125,GOSR2,MYDGF,5.0
3126,GOSR2,PPP2R5B,2.0
3127,GOSR2,GOSR2,0.0
3128,GOSR2,ATF4,2.0
3129,GOSR2,GFPT1,4.0
3130,GOSR2,PDIA6,6.0
3131,GOSR2,ATF3,3.0
3132,ATF4,CCL2,3.0
3133,ATF4,FKBP14,2.0
3134,ATF4,ACADVL,7.0
3135,ATF4,ADD1,9.0
3136,ATF4,EDEM1,1.0
3137,ATF4,HSP90B1,3.0
3138,ATF4,CUL7,5.0
3139,ATF4,WIPI1,2.0
3140,ATF4,PLA2G4B,6.0
3141,ATF4,TLN1,4.0
3142,ATF4,KLHDC3,8.0
3143,ATF4,SEC31A,3.0
3144,ATF4,XBP1,6.0
3145,ATF4,HERPUD1,4.0
3146,ATF4,DCTN1,3.0
3147,ATF4,SRPRB,0.0
3148,ATF4,HSPA5,3.0
3149,ATF4,DDX11,4.0
3150,ATF4,TATDN2,3.0
3151,ATF4,SYVN1,5.0
3152,ATF4,DNAJB11,6.0
3153,ATF4,EXTL1,3.0
3154,ATF4,ATP6V0D1,5.0
3155,ATF4,HDGF,5.0
3156,ATF4,EXTL2,6.0
3157,ATF4,CTDSP2,2.0
3158,ATF4,DDIT3,6.0
3159,ATF4,SHC1,3.0
3160,ATF4,TSPYL2,5.0
3161,ATF4,TPP1,1.0
3162,ATF4,PDIA5,2.0
3163,ATF4,EXTL3,5.0
3164,ATF4,ARFGAP1,6.0
3165,ATF4,DNAJB9,2.0
3166,ATF4,SULT1A3,8.0
3167,ATF4,DNAJC3,1.0
3168,ATF4,SERP1,4.0
3169,ATF4,IGFBP1,3.0
3170,ATF4,YIF1A,6.0
3171,ATF4,ZBTB17,6.0
3172,ATF4,LMNA,6.0
3173,ATF4,WFS1,4.0
3174,ATF4,KDELR3,5.0
3175,ATF4,CXCL8,4.0
3176,ATF4,CALR,5.0
3177,ATF4,HYOU1,5.0
3178,ATF4,GSK3A,6.0
3179,ATF4,ASNS,4.0
3180,ATF4,PREB,5.0
3181,ATF4,SSR1,0.0
3182,ATF4,CXXC1,7.0
3183,ATF4,MYDGF,4.0
3184,ATF4,PPP2R5B,5.0
3185,ATF4,GOSR2,2.0
3186,ATF4,ATF4,0.0
3187,ATF4,GFPT1,2.0
3188,ATF4,PDIA6,3.0
3189,ATF4,ATF3,1.0
3190,GFPT1,CCL2,4.0
3191,GFPT1,FKBP14,4.0
3192,GFPT1,ACADVL,8.0
3193,GFPT1,ADD1,7.0
3194,GFPT1,EDEM1,3.0
3195,GFPT1,HSP90B1,4.0
3196,GFPT1,CUL7,4.0
3197,GFPT1,WIPI1,2.0
3198,GFPT1,PLA2G4B,5.0
3199,GFPT1,TLN1,3.0
3200,GFPT1,KLHDC3,4.0
3201,GFPT1,SEC31A,9.0
3202,GFPT1,XBP1,2.0
3203,GFPT1,HERPUD1,3.0
3204,GFPT1,DCTN1,6.0
3205,GFPT1,SRPRB,4.0
3206,GFPT1,HSPA5,0.0
3207,GFPT1,DDX11,0.0
3208,GFPT1,TATDN2,2.0
3209,GFPT1,SYVN1,1.0
3210,GFPT1,DNAJB11,5.0
3211,GFPT1,EXTL1,5.0
3212,GFPT1,ATP6V0D1,2.0
3213,GFPT1,HDGF,1.0
3214,GFPT1,EXTL2,6.0
3215,GFPT1,CTDSP2,3.0
3216,GFPT1,DDIT3,3.0
3217,GFPT1,SHC1,5.0
3218,GFPT1,TSPYL2,4.0
3219,GFPT1,TPP1,3.0
3220,GFPT1,PDIA5,4.0
3221,GFPT1,EXTL3,7.0
3222,GFPT1,ARFGAP1,5.0
3223,GFPT1,DNAJB9,6.0
3224,GFPT1,SULT1A3,5.0
3225,GFPT1,DNAJC3,6.0
3226,GFPT1,SERP1,5.0
3227,GFPT1,IGFBP1,2.0
3228,GFPT1,YIF1A,6.0
3229,GFPT1,ZBTB17,8.0
3230,GFPT1,LMNA,1.0
3231,GFPT1,WFS1,3.0
3232,GFPT1,KDELR3,1.0
3233,GFPT1,CXCL8,4.0
3234,GFPT1,CALR,2.0
3235,GFPT1,HYOU1,3.0
3236,GFPT1,GSK3A,2.0
3237,GFPT1,ASNS,2.0
3238,GFPT1,PREB,4.0
3239,GFPT1,SSR1,6.0
3240,GFPT1,CXXC1,6.0
3241,GFPT1,MYDGF,2.0
3242,GFPT1,PPP2R5B,2.0
3243,GFPT1,GOSR2,4.0
3244,GFPT1,ATF4,2.0
3245,GFPT1,GFPT1,0.0
3246,GFPT1,PDIA6,2.0
3247,GFPT1,ATF3,3.0
3248,PDIA6,CCL2,6.0
3249,PDIA6,FKBP14,8.0
3250,PDIA6,ACADVL,5.0
3251,PDIA6,ADD1,5.0
3252,PDIA6,EDEM1,5.0
3253,PDIA6,HSP90B1,8.0
3254,PDIA6,CUL7,2.0
3255,PDIA6,WIPI1,4.0
3256,PDIA6,PLA2G4B,4.0
3257,PDIA6,TLN1,4.0
3258,PDIA6,KLHDC3,3.0
3259,PDIA6,SEC31A,4.0
3260,PDIA6,XBP1,6.0
3261,PDIA6,HERPUD1,6.0
3262,PDIA6,DCTN1,8.0
3263,PDIA6,SRPRB,4.0
3264,PDIA6,HSPA5,10.0
3265,PDIA6,DDX11,3.0
3266,PDIA6,TATDN2,5.0
3267,PDIA6,SYVN1,7.0
3268,PDIA6,DNAJB11,5.0
3269,PDIA6,EXTL1,2.0
3270,PDIA6,ATP6V0D1,6.0
3271,PDIA6,HDGF,2.0
3272,PDIA6,EXTL2,5.0
3273,PDIA6,CTDSP2,3.0
3274,PDIA6,DDIT3,1.0
3275,PDIA6,SHC1,4.0
3276,PDIA6,TSPYL2,4.0
3277,PDIA6,TPP1,3.0
3278,PDIA6,PDIA5,2.0
3279,PDIA6,EXTL3,5.0
3280,PDIA6,ARFGAP1,2.0
3281,PDIA6,DNAJB9,7.0
3282,PDIA6,SULT1A3,3.0
3283,PDIA6,DNAJC3,7.0
3284,PDIA6,SERP1,8.0
3285,PDIA6,IGFBP1,1.0
3286,PDIA6,YIF1A,6.0
3287,PDIA6,ZBTB17,4.0
3288,PDIA6,LMNA,8.0
3289,PDIA6,WFS1,11.0
3290,PDIA6,KDELR3,6.0
3291,PDIA6,CXCL8,3.0
3292,PDIA6,CALR,5.0
3293,PDIA6,HYOU1,5.0
3294,PDIA6,GSK3A,3.0
3295,PDIA6,ASNS,5.0
3296,PDIA6,PREB,7.0
3297,PDIA6,SSR1,4.0
3298,PDIA6,CXXC1,2.0
3299,PDIA6,MYDGF,9.0
3300,PDIA6,PPP2R5B,7.0
3301,PDIA6,GOSR2,6.0
3302,PDIA6,ATF4,3.0
3303,PDIA6,GFPT1,2.0
3304,PDIA6,PDIA6,0.0
3305,PDIA6,ATF3,3.0
3306,ATF3,CCL2,3.0
3307,ATF3,FKBP14,7.0
3308,ATF3,ACADVL,2.0
3309,ATF3,ADD1,6.0
3310,ATF3,EDEM1,5.0
3311,ATF3,HSP90B1,5.0
3312,ATF3,CUL7,5.0
3313,ATF3,WIPI1,5.0
3314,ATF3,PLA2G4B,2.0
3315,ATF3,TLN1,4.0
3316,ATF3,KLHDC3,2.0
3317,ATF3,SEC31A,0.0
3318,ATF3,XBP1,3.0
3319,ATF3,HERPUD1,6.0
3320,ATF3,DCTN1,2.0
3321,ATF3,SRPRB,3.0
3322,ATF3,HSPA5,2.0
3323,ATF3,DDX11,2.0
3324,ATF3,TATDN2,5.0
3325,ATF3,SYVN1,4.0
3326,ATF3,DNAJB11,4.0
3327,ATF3,EXTL1,2.0
3328,ATF3,ATP6V0D1,5.0
3329,ATF3,HDGF,4.0
3330,ATF3,EXTL2,4.0
3331,ATF3,CTDSP2,1.0
3332,ATF3,DDIT3,2.0
3333,ATF3,SHC1,0.0
3334,ATF3,TSPYL2,5.0
3335,ATF3,TPP1,5.0
3336,ATF3,PDIA5,3.0
3337,ATF3,EXTL3,3.0
3338,ATF3,ARFGAP1,2.0
3339,ATF3,DNAJB9,4.0
3340,ATF3,SULT1A3,2.0
3341,ATF3,DNAJC3,1.0
3342,ATF3,SERP1,1.0
3343,ATF3,IGFBP1,1.0
3344,ATF3,YIF1A,1.0
3345,ATF3,ZBTB17,3.0
3346,ATF3,LMNA,7.0
3347,ATF3,WFS1,5.0
3348,ATF3,KDELR3,4.0
3349,ATF3,CXCL8,5.0
3350,ATF3,CALR,2.0
3351,ATF3,HYOU1,3.0
3352,ATF3,GSK3A,2.0
3353,ATF3,ASNS,6.0
3354,ATF3,PREB,2.0
3355,ATF3,SSR1,2.0
3356,ATF3,CXXC1,2.0
3357,ATF3,MYDGF,3.0
3358,ATF3,PPP2R5B,4.0
3359,ATF3,GOSR2,3.0
3360,ATF3,ATF4,1.0
3361,ATF3,GFPT1,3.0
3362,ATF3,PDIA6,3.0
3363,ATF3,ATF3,0.0
